paper_id,material_system,composition,structure,processing_method,key_property,performance_data,application,limitation
P002,Polyimide,,,,,,,
P002,Self-healing,,,,,,,
P002,Polyurethane,,,,,,,
P002,Ionogel,,,,,,,
P002,Polylactic acid,,,,,,,
P002,PCL,,,,,,,
P002,Alginate,,,,,,,
P002,Shape memory polymer,,,,,,,
P002,PEG,,,,,,,
P002,Elastomer,,,,,,,
P002,Hydrogel,,,,,,,
P002,Polyethylene,,,,,,,
P003,Polyimide,,,,,,,
P003,Polyurethane,,,,,,,
P003,Polylactic acid,,,,,,,
P003,PCL,,,,,,,
P003,PEG,,,,,,,
P003,Elastomer,,,,,,,
P003,Hydrogel,,,,,,,
P003,Polyethylene,,,,,,,
P004,Polyimide,,,,,,,
P004,Polyurethane,,,,,,,
P004,Polylactic acid,,,,,,,
P004,Shape memory polymer,,,,,,,
P004,Elastomer,,,,,,,
P004,SBR,,,,,,,
P004,Polyethylene,,,,,,,
P005,Furan,,,,,,,
P005,Polyimide,,,,,,,
P005,Polyurethane,,,,,,,
P005,Polylactic acid,,,,,,,
P005,Polyester,,,,,,,
P005,Elastomer,,,,,,,
P005,Polyethylene,,,,,,,
P011,Polyimide,,,,,,,
P011,Thiourea,,,,,,,
P011,Block copolymer,,,,,,,
P011,Polyurethane,,,,,,,
P011,Polylactic acid,,,,,,,
P011,PEG,,,,,,,
P011,Polyester,,,,,,,
P011,Natural rubber,,,,,,,
P011,Elastomer,,,,,,,
P011,Hydrogel,,,,,,,
P011,SBR,,,,,,,
P011,Polyethylene,,,,,,,
P012,Polyimide,,,,,,,
P012,Polyurethane,,,,,,,
P012,Polylactic acid,,,,,,,
P012,Alginate,,,,,,,
P012,PEG,,,,,,,
P012,Elastomer,,,,,,,
P012,Hydrogel,,,,,,,
P012,Polyethylene,,,,,,,
P013,Polyimide,,,,,,,
P013,Polysiloxane,,,,,,,
P013,Self-healing,,,,,,,
P013,Polyurethane,,,,,,,
P013,Ionogel,,,,,,,
P013,Polylactic acid,,,,,,,
P013,Gelatin,,,,,,,
P013,PEG,,,,,,,
P013,Elastomer,,,,,,,
P013,Hydrogel,,,,,,,
P013,Polyethylene,,,,,,,
P014,Polylactic acid,,,,,,,
P014,Polyimide,,,,,,,
P014,Polyurethane,,,,,,,
P014,Polyethylene,,,,,,,
P015,Polyimide,,,,,,,
P015,Self-healing,,,,,,,
P015,Polyurethane,,,,,,,
P015,Ionogel,,,,,,,
P015,Polylactic acid,,,,,,,
P015,PCL,,,,,,,
P015,Polyester,,,,,,,
P015,Elastomer,,,,,,,
P015,Hydrogel,,,,,,,
P015,Polyethylene,,,,,,,
P016,Polyimide,,,,,,,
P016,Polyethylene,,,,,,,
P016,Polyurethane,,,,,,,
P016,Polylactic acid,,,,,,,
P016,PEG,,,,,,,
P016,Natural rubber,,,,,,,
P016,Elastomer,,,,,,,
P016,Block copolymer,,,,,,,
P017,Furan,,,,,,,
P017,Polyimide,,,,,,,
P017,Polyacrylate,,,,,,,
P017,Block copolymer,,,,,,,
P017,Polyurethane,,,,,,,
P017,Polyelectrolyte,,,,,,,
P017,Polylactic acid,,,,,,,
P017,PDMS,,,,,,,
P017,PCL,,,,,,,
P017,PEG,,,,,,,
P017,Polyester,,,,,,,
P017,Elastomer,,,,,,,
P017,Hydrogel,,,,,,,
P017,Polyethylene,,,,,,,
P018,Polyimide,,,,,,,
P018,Polyacrylate,,,,,,,
P018,Polythiophene,,,,,,,
P018,Block copolymer,,,,,,,
P018,Polyamide,,,,,,,
P018,Polyurethane,,,,,,,
P018,Polyelectrolyte,,,,,,,
P018,Polylactic acid,,,,,,,
P018,PDMS,,,,,,,
P018,PEG,,,,,,,
P018,Polyester,,,,,,,
P018,Elastomer,,,,,,,
P018,Polyethylene,,,,,,,
P019,Polyimide,,,,,,,
P019,PVDF-TrFE,,,,,,,
P019,Polyacrylate,,,,,,,
P019,Thiourea,,,,,,,
P019,Polysiloxane,,,,,,,
P019,Block copolymer,,,,,,,
P019,Polyamide,,,,,,,
P019,Polyurethane,,,,,,,
P019,Ionogel,,,,,,,
P019,Polylactic acid,,,,,,,
P019,PCL,,,,,,,
P019,Ionic liquid,,,,,,,
P019,PEG,,,,,,,
P019,Polyester,,,,,,,
P019,Elastomer,,,,,,,
P019,PVDF,,,,,,,
P019,Polyethylene,,,,,,,
P020,Polyimide,,,,,,,
P020,Polyacrylate,,,,,,,
P020,Polyethylene,,,,,,,
P020,Ferrocene,,,,,,,
P020,Polyurethane,,,,,,,
P020,Polylactic acid,,,,,,,
P020,PEG,,,,,,,
P020,Block copolymer,,,,,,,
P021,Polyimide,,,,,,,
P021,Polyacrylate,,,,,,,
P021,Polythiophene,,,,,,,
P021,Block copolymer,,,,,,,
P021,Polyurethane,,,,,,,
P021,Polyelectrolyte,,,,,,,
P021,Polylactic acid,,,,,,,
P021,PDMS,,,,,,,
P021,PCL,,,,,,,
P021,Ionic liquid,,,,,,,
P021,PEG,,,,,,,
P021,Elastomer,,,,,,,
P021,Polyethylene,,,,,,,
P022,Furan,,,,,,,
P022,Polyimide,,,,,,,
P022,Boronic ester,,,,,,,
P022,Polyacrylate,,,,,,,
P022,Self-healing,,,,,,,
P022,Polyurethane,,,,,,,
P022,Polyamide,,,,,,,
P022,Polylactic acid,,,,,,,
P022,PEG,,,,,,,
P022,Polyester,,,,,,,
P022,Vitrimer,,,,,,,
P022,Natural rubber,,,,,,,
P022,Elastomer,,,,,,,
P022,SBR,,,,,,,
P022,Polyethylene,,,,,,,
P023,Polyimide,,,,,,,
P023,Polyacrylate,,,,,,,
P023,Polythiophene,,,,,,,
P023,Block copolymer,,,,,,,
P023,Polyurethane,,,,,,,
P023,Polyelectrolyte,,,,,,,
P023,Polylactic acid,,,,,,,
P023,PEDOT:PSS,,,,,,,
P023,PEG,,,,,,,
P023,Elastomer,,,,,,,
P023,Hydrogel,,,,,,,
P023,SBR,,,,,,,
P023,Polyethylene,,,,,,,
P024,Polyimide,,,,,,,
P024,Polyacrylate,,,,,,,
P024,Block copolymer,,,,,,,
P024,Polyurethane,,,,,,,
P024,Polyelectrolyte,,,,,,,
P024,Polylactic acid,,,,,,,
P024,PEDOT:PSS,,,,,,,
P024,PDMS,,,,,,,
P024,PEG,,,,,,,
P024,Elastomer,,,,,,,
P024,SBR,,,,,,,
P024,Polyethylene,,,,,,,
P025,Furan,,,,,,,
P025,Polyimide,,,,,,,
P025,Ferrocene,,,,,,,
P025,Polythiophene,,,,,,,
P025,Polyurethane,,,,,,,
P025,Polylactic acid,,,,,,,
P025,PEG,,,,,,,
P025,Polyethylene,,,,,,,
P026,Furan,,,,,,,
P026,Polyimide,,,,,,,
P026,Polyacrylate,,,,,,,
P026,Block copolymer,,,,,,,
P026,Polyurethane,,,,,,,
P026,Polyelectrolyte,,,,,,,
P026,Polylactic acid,,,,,,,
P026,PEG,,,,,,,
P026,Polyester,,,,,,,
P026,Elastomer,,,,,,,
P026,Hydrogel,,,,,,,
P026,Polyethylene,,,,,,,
P027,Polyimide,,,,,,,
P027,Polyacrylate,,,,,,,
P027,Block copolymer,,,,,,,
P027,Polyamide,,,,,,,
P027,Polyurethane,,,,,,,
P027,Hydrogel,,,,,,,
P027,Polylactic acid,,,,,,,
P027,PEDOT:PSS,,,,,,,
P027,Chitosan,,,,,,,
P027,PCL,,,,,,,
P027,Gelatin,,,,,,,
P027,Shape memory polymer,,,,,,,
P027,PEG,,,,,,,
P027,Polyester,,,,,,,
P027,Elastomer,,,,,,,
P027,PVDF,,,,,,,
P027,Polyethylene,,,,,,,
P028,Polyimide,,,,,,,
P028,Polyacrylate,,,,,,,
P028,Polythiophene,,,,,,,
P028,Block copolymer,,,,,,,
P028,Polyamide,,,,,,,
P028,Polyurethane,,,,,,,
P028,Polylactic acid,,,,,,,
P028,PEG,,,,,,,
P028,Polyester,,,,,,,
P028,Elastomer,,,,,,,
P028,PVDF,,,,,,,
P028,Polyethylene,,,,,,,
P029,Polyimide,,,,,,,
P029,Polyurethane,,,,,,,
P029,Polylactic acid,,,,,,,
P029,PEG,,,,,,,
P029,Elastomer,,,,,,,
P029,Polyethylene,,,,,,,
P030,Furan,,,,,,,
P030,Polyimide,,,,,,,
P030,Polyacrylate,,,,,,,
P030,Polyethylene,,,,,,,
P030,Polythiophene,,,,,,,
P030,Polyamide,,,,,,,
P030,Polyurethane,,,,,,,
P030,Polylactic acid,,,,,,,
P030,PEG,,,,,,,
P030,Polyester,,,,,,,
P030,Thiourea,,,,,,,
P030,Gelatin,,,,,,,
P030,Elastomer,,,,,,,
P030,Block copolymer,,,,,,,
P031,Polyimide,,,,,,,
P031,Polyethylene,,,,,,,
P031,Polyurethane,,,,,,,
P031,Polylactic acid,,,,,,,
P031,PEG,,,,,,,
P031,Hydrogel,,,,,,,
P031,Block copolymer,,,,,,,
P032,Polyimide,,,,,,,
P032,Polysiloxane,,,,,,,
P032,Block copolymer,,,,,,,
P032,Polyurethane,,,,,,,
P032,Polylactic acid,,,,,,,
P032,PDMS,,,,,,,
P032,PEG,,,,,,,
P032,Elastomer,,,,,,,
P032,SBR,,,,,,,
P032,Polyethylene,,,,,,,
P033,Polyelectrolyte,,,,,,,
P033,Ionogel,,,,,,,
P033,Gelatin,,,,,,,
P033,PDMS,,,,,,,
P033,PEG,,,,,,,
P033,Polyester,,,,,,,
P033,Vitrimer,,,,,,,
P033,Block copolymer,,,,,,,
P033,Polyimide,,,,,,,
P033,Polysiloxane,,,,,,,
P033,Alginate,,,,,,,
P033,Natural rubber,,,,,,,
P033,Elastomer,,,,,,,
P033,Polyethylene,,,,,,,
P033,Self-healing,,,,,,,
P033,Polyurethane,,,,,,,
P033,Polylactic acid,,,,,,,
P033,Shape memory polymer,,,,,,,
P033,Hydrogel,,,,,,,
P034,Furan,,,,,,,
P034,Polyimide,,,,,,,
P034,Polysiloxane,,,,,,,
P034,Block copolymer,,,,,,,
P034,Self-healing,,,,,,,
P034,Polyurethane,,,,,,,
P034,Polyamide,,,,,,,
P034,Polylactic acid,,,,,,,
P034,PCL,,,,,,,
P034,PEG,,,,,,,
P034,Shape memory polymer,,,,,,,
P034,Polyester,,,,,,,
P034,Elastomer,,,,,,,
P034,Polyethylene,,,,,,,
P035,Polyimide,,,,,,,
P035,Polyurethane,,,,,,,
P035,Polyelectrolyte,,,,,,,
P035,Polylactic acid,,,,,,,
P035,Elastomer,,,,,,,
P035,Polyethylene,,,,,,,
P036,Polyimide,,,,,,,
P036,Polyurethane,,,,,,,
P036,Polyelectrolyte,,,,,,,
P036,Ionogel,,,,,,,
P036,Polylactic acid,,,,,,,
P036,Elastomer,,,,,,,
P036,Polyethylene,,,,,,,
P037,Polyimide,,,,,,,
P037,Polyacrylate,,,,,,,
P037,Block copolymer,,,,,,,
P037,Polyurethane,,,,,,,
P037,Polyelectrolyte,,,,,,,
P037,Polylactic acid,,,,,,,
P037,PDMS,,,,,,,
P037,Ionic liquid,,,,,,,
P037,PEG,,,,,,,
P037,Elastomer,,,,,,,
P037,Hydrogel,,,,,,,
P037,SBR,,,,,,,
P037,Polyethylene,,,,,,,
P038,Polyimide,,,,,,,
P038,Block copolymer,,,,,,,
P038,Polyurethane,,,,,,,
P038,Polylactic acid,,,,,,,
P038,Gelatin,,,,,,,
P038,PCL,,,,,,,
P038,Alginate,,,,,,,
P038,PEG,,,,,,,
P038,Elastomer,,,,,,,
P038,Hydrogel,,,,,,,
P038,Polyethylene,,,,,,,
P039,Polyimide,,,,,,,
P039,Polyacrylate,,,,,,,
P039,Polysiloxane,,,,,,,
P039,Block copolymer,,,,,,,
P039,Self-healing,,,,,,,
P039,Polyurethane,,,,,,,
P039,Polyamide,,,,,,,
P039,BaTiO3,,,,,,,
P039,Polylactic acid,,,,,,,
P039,PDMS,,,,,,,
P039,PEG,,,,,,,
P039,Elastomer,,,,,,,
P039,PVDF,,,,,,,
P039,Polyethylene,,,,,,,
P040,Polyimide,,,,,,,
P040,Polyethylene,,,,,,,
P040,Polyurethane,,,,,,,
P040,Polyelectrolyte,,,,,,,
P040,Polylactic acid,,,,,,,
P040,Block copolymer,,,,,,,
P041,Polylactic acid,,,,,,,
P041,Polyimide,,,,,,,
P041,Polyurethane,,,,,,,
P041,Polyethylene,,,,,,,
P042,Polyimide,,,,,,,
P042,Polyethylene,,,,,,,
P043,Polyimide,,,,,,,
P043,Polyethylene,,,,,,,
P043,Polyurethane,,,,,,,
P043,Polylactic acid,,,,,,,
P043,Block copolymer,,,,,,,
P044,Polyimide,,,,,,,
P044,Block copolymer,,,,,,,
P044,Self-healing,,,,,,,
P044,Polyurethane,,,,,,,
P044,Polylactic acid,,,,,,,
P044,Shape memory polymer,,,,,,,
P044,Elastomer,,,,,,,
P044,Hydrogel,,,,,,,
P044,Polyethylene,,,,,,,
P045,Polyimide,,,,,,,
P045,Block copolymer,,,,,,,
P045,Self-healing,,,,,,,
P045,Polyurethane,,,,,,,
P045,Polylactic acid,,,,,,,
P045,Shape memory polymer,,,,,,,
P045,PEG,,,,,,,
P045,Vitrimer,,,,,,,
P045,Elastomer,,,,,,,
P045,Hydrogel,,,,,,,
P045,Polyethylene,,,,,,,
P046,Polyimide,,,,,,,
P046,Polyurethane,,,,,,,
P046,Polylactic acid,,,,,,,
P046,Elastomer,,,,,,,
P046,Polyethylene,,,,,,,
P047,Polyimide,,,,,,,
P047,Block copolymer,,,,,,,
P047,Self-healing,,,,,,,
P047,Polyurethane,,,,,,,
P047,Polylactic acid,,,,,,,
P047,Vitrimer,,,,,,,
P047,Elastomer,,,,,,,
P047,Polyethylene,,,,,,,
P048,Polyimide,,,,,,,
P048,Polyurethane,,,,,,,
P048,Polylactic acid,,,,,,,
P048,PEG,,,,,,,
P048,Elastomer,,,,,,,
P048,Polyethylene,,,,,,,
P049,Polyimide,,,,,,,
P049,Polyamide,,,,,,,
P049,Polyurethane,,,,,,,
P049,Polylactic acid,,,,,,,
P049,PEG,,,,,,,
P049,Polyester,,,,,,,
P049,Vitrimer,,,,,,,
P049,Thiourea,,,,,,,
P049,Elastomer,,,,,,,
P049,Polyethylene,,,,,,,
P051,Polyimide,,,,,,,
P051,Polyurethane,,,,,,,
P051,Polylactic acid,,,,,,,
P051,PEG,,,,,,,
P051,Thiourea,,,,,,,
P051,Elastomer,,,,,,,
P051,Polyethylene,,,,,,,
P052,Polyimide,,,,,,,
P052,Self-healing,,,,,,,
P052,Polyurethane,,,,,,,
P052,Polyamide,,,,,,,
P052,Polylactic acid,,,,,,,
P052,Polyester,,,,,,,
P052,Vitrimer,,,,,,,
P052,Thiourea,,,,,,,
P052,Elastomer,,,,,,,
P052,Polyethylene,,,,,,,
P053,Polyimide,,,,,,,
P053,Self-healing,,,,,,,
P053,Polyurethane,,,,,,,
P053,Polylactic acid,,,,,,,
P053,PEG,,,,,,,
P053,Elastomer,,,,,,,
P053,Hydrogel,,,,,,,
P053,SBR,,,,,,,
P053,Polyethylene,,,,,,,
P054,Polyimide,,,,,,,
P054,Polysiloxane,,,,,,,
P054,Polyurethane,,,,,,,
P054,Polylactic acid,,,,,,,
P054,PDMS,,,,,,,
P054,Elastomer,,,,,,,
P054,Polyethylene,,,,,,,
P055,Polyimide,,,,,,,
P055,Polyurethane,,,,,,,
P055,Polylactic acid,,,,,,,
P055,PEG,,,,,,,
P055,Vitrimer,,,,,,,
P055,Polyethylene,,,,,,,
P056,Polyimide,,,,,,,
P056,Polyurethane,,,,,,,
P056,Polylactic acid,,,,,,,
P056,PEG,,,,,,,
P056,Elastomer,,,,,,,
P056,Hydrogel,,,,,,,
P056,Polyethylene,,,,,,,
P057,Furan,,,,,,,
P057,Polyimide,,,,,,,
P057,Polyurethane,,,,,,,
P057,Polyelectrolyte,,,,,,,
P057,Polylactic acid,,,,,,,
P057,Ionic liquid,,,,,,,
P057,Vitrimer,,,,,,,
P057,Elastomer,,,,,,,
P057,Polyethylene,,,,,,,
P058,Polyimide,,,,,,,
P058,Polyurethane,,,,,,,
P058,Polylactic acid,,,,,,,
P058,Chitosan,,,,,,,
P058,Hydrogel,,,,,,,
P058,Polyethylene,,,,,,,
P059,Furan,,,,,,,
P059,Polyimide,,,,,,,
P059,Polyacrylate,,,,,,,
P059,Self-healing,,,,,,,
P059,Polyurethane,,,,,,,
P059,Ionogel,,,,,,,
P059,Polylactic acid,,,,,,,
P059,PEDOT:PSS,,,,,,,
P059,PDMS,,,,,,,
P059,Ionic liquid,,,,,,,
P059,PEG,,,,,,,
P059,Shape memory polymer,,,,,,,
P059,Elastomer,,,,,,,
P059,Hydrogel,,,,,,,
P059,Polyethylene,,,,,,,
P060,Polyimide,,,,,,,
P060,Polyurethane,,,,,,,
P060,Ionogel,,,,,,,
P060,Polylactic acid,,,,,,,
P060,Hydrogel,,,,,,,
P060,Polyethylene,,,,,,,
P061,Polyimide,,,,,,,
P061,Self-healing,,,,,,,
P061,Polyurethane,,,,,,,
P061,Polylactic acid,,,,,,,
P061,PEG,,,,,,,
P061,Elastomer,,,,,,,
P061,Hydrogel,,,,,,,
P061,Polyethylene,,,,,,,
P062,Hydrogel,,,,,,,
P062,Self-healing,,,,,,,
P062,Polyurethane,,,,,,,
P062,Polyethylene,,,,,,,
P063,Polyimide,,,,,,,
P063,Boronic ester,,,,,,,
P063,Self-healing,,,,,,,
P063,Polyurethane,,,,,,,
P063,Polylactic acid,,,,,,,
P063,Vitrimer,,,,,,,
P063,Elastomer,,,,,,,
P063,Polyethylene,,,,,,,
P064,Polyimide,,,,,,,
P064,Self-healing,,,,,,,
P064,Polyurethane,,,,,,,
P064,Polyelectrolyte,,,,,,,
P064,Polylactic acid,,,,,,,
P064,Elastomer,,,,,,,
P064,Hydrogel,,,,,,,
P064,Polyethylene,,,,,,,
P065,Polyimide,,,,,,,
P065,Self-healing,,,,,,,
P065,Polyurethane,,,,,,,
P065,Polyelectrolyte,,,,,,,
P065,Polylactic acid,,,,,,,
P065,Chitosan,,,,,,,
P065,Ionic liquid,,,,,,,
P065,Alginate,,,,,,,
P065,Gelatin,,,,,,,
P065,PEG,,,,,,,
P065,Elastomer,,,,,,,
P065,Hydrogel,,,,,,,
P065,Polyethylene,,,,,,,
P066,Polyimide,,,,,,,
P066,Self-healing,,,,,,,
P066,Polyurethane,,,,,,,
P066,Polyelectrolyte,,,,,,,
P066,Ionogel,,,,,,,
P066,Polylactic acid,,,,,,,
P066,Chitosan,,,,,,,
P066,Natural rubber,,,,,,,
P066,Elastomer,,,,,,,
P066,Hydrogel,,,,,,,
P066,Polyethylene,,,,,,,
P067,Polyimide,,,,,,,
P067,Polythiophene,,,,,,,
P067,Polyurethane,,,,,,,
P067,Polyelectrolyte,,,,,,,
P067,Ionogel,,,,,,,
P067,Polylactic acid,,,,,,,
P067,PEDOT:PSS,,,,,,,
P067,Chitosan,,,,,,,
P067,Ionic liquid,,,,,,,
P067,Alginate,,,,,,,
P067,Gelatin,,,,,,,
P067,PEG,,,,,,,
P067,Elastomer,,,,,,,
P067,Hydrogel,,,,,,,
P067,Polyethylene,,,,,,,
P068,Furan,,,,,,,
P068,Polyimide,,,,,,,
P068,Polyacrylate,,,,,,,
P068,Self-healing,,,,,,,
P068,Polyurethane,,,,,,,
P068,Polyelectrolyte,,,,,,,
P068,Ionogel,,,,,,,
P068,Polylactic acid,,,,,,,
P068,PEDOT:PSS,,,,,,,
P068,Chitosan,,,,,,,
P068,Ionic liquid,,,,,,,
P068,Gelatin,,,,,,,
P068,Shape memory polymer,,,,,,,
P068,PEG,,,,,,,
P068,Elastomer,,,,,,,
P068,Hydrogel,,,,,,,
P068,Polyethylene,,,,,,,
P069,Polyimide,,,,,,,
P069,Polyacrylate,,,,,,,
P069,Polyurethane,,,,,,,
P069,Polylactic acid,,,,,,,
P069,Chitosan,,,,,,,
P069,PCL,,,,,,,
P069,PEG,,,,,,,
P069,Elastomer,,,,,,,
P069,PVDF,,,,,,,
P069,Polyethylene,,,,,,,
P070,Polyimide,,,,,,,
P070,Polyamide,,,,,,,
P070,Polyurethane,,,,,,,
P070,Polylactic acid,,,,,,,
P070,PEG,,,,,,,
P070,Elastomer,,,,,,,
P070,SBR,,,,,,,
P070,Polyethylene,,,,,,,
P071,Furan,,,,,,,
P071,Polyimide,,,,,,,
P071,Polyacrylate,,,,,,,
P071,Polyurethane,,,,,,,
P071,Polylactic acid,,,,,,,
P071,Polyethylene,,,,,,,
P072,Polyimide,,,,,,,
P072,Polysiloxane,,,,,,,
P072,Self-healing,,,,,,,
P072,Polyurethane,,,,,,,
P072,Polyelectrolyte,,,,,,,
P072,Ionogel,,,,,,,
P072,Polylactic acid,,,,,,,
P072,PVDF,,,,,,,
P072,Ionic liquid,,,,,,,
P072,Gelatin,,,,,,,
P072,Shape memory polymer,,,,,,,
P072,Elastomer,,,,,,,
P072,Hydrogel,,,,,,,
P072,Polyethylene,,,,,,,
P073,Polyimide,,,,,,,
P073,Polysiloxane,,,,,,,
P073,Polyamide,,,,,,,
P073,Polyurethane,,,,,,,
P073,Polylactic acid,,,,,,,
P073,PDMS,,,,,,,
P073,Ionic liquid,,,,,,,
P073,Chitosan,,,,,,,
P073,Natural rubber,,,,,,,
P073,Elastomer,,,,,,,
P073,Hydrogel,,,,,,,
P073,Polyethylene,,,,,,,
P074,Polyimide,,,,,,,
P074,Polysiloxane,,,,,,,
P074,Polyurethane,,,,,,,
P074,Polylactic acid,,,,,,,
P074,PEG,,,,,,,
P074,Polyester,,,,,,,
P074,Polyethylene,,,,,,,
P075,Polyelectrolyte,,,,,,,
P075,Ionogel,,,,,,,
P075,Ionic liquid,,,,,,,
P075,Chitosan,,,,,,,
P075,Polythiophene,,,,,,,
P075,PDMS,,,,,,,
P075,PEG,,,,,,,
P075,Block copolymer,,,,,,,
P075,Polyimide,,,,,,,
P075,Polyacrylate,,,,,,,
P075,Ferrocene,,,,,,,
P075,Polysiloxane,,,,,,,
P075,Alginate,,,,,,,
P075,Elastomer,,,,,,,
P075,Polyethylene,,,,,,,
P075,Self-healing,,,,,,,
P075,Polyurethane,,,,,,,
P075,Polylactic acid,,,,,,,
P075,PEDOT:PSS,,,,,,,
P075,PVDF,,,,,,,
P075,Hydrogel,,,,,,,
P076,Furan,,,,,,,
P076,Polyimide,,,,,,,
P076,Polyacrylate,,,,,,,
P076,Block copolymer,,,,,,,
P076,Polyurethane,,,,,,,
P076,Polysulfide,,,,,,,
P076,Polylactic acid,,,,,,,
P076,Ionic liquid,,,,,,,
P076,PEG,,,,,,,
P076,PVDF,,,,,,,
P076,Polyethylene,,,,,,,
P077,Polyimide,,,,,,,
P077,PVDF-TrFE,,,,,,,
P077,Self-healing,,,,,,,
P077,Polyurethane,,,,,,,
P077,Polyamide,,,,,,,
P077,BaTiO3,,,,,,,
P077,Hydrogel,,,,,,,
P077,Polylactic acid,,,,,,,
P077,PDMS,,,,,,,
P077,PEG,,,,,,,
P077,Shape memory polymer,,,,,,,
P077,Elastomer,,,,,,,
P077,PVDF,,,,,,,
P077,Polyethylene,,,,,,,
P078,Furan,,,,,,,
P078,Polyimide,,,,,,,
P078,Self-healing,,,,,,,
P078,Polyurethane,,,,,,,
P078,Polylactic acid,,,,,,,
P078,Shape memory polymer,,,,,,,
P078,PDMS,,,,,,,
P078,PEG,,,,,,,
P078,Vitrimer,,,,,,,
P078,Elastomer,,,,,,,
P078,Hydrogel,,,,,,,
P078,Polyethylene,,,,,,,
P080,Polyimide,,,,,,,
P080,Polyurethane,,,,,,,
P080,Polylactic acid,,,,,,,
P080,PEG,,,,,,,
P080,Ionic liquid,,,,,,,
P080,Polyethylene,,,,,,,
P081,Polyimide,,,,,,,
P081,Polyacrylate,,,,,,,
P081,Ferrocene,,,,,,,
P081,Polyurethane,,,,,,,
P081,Polyelectrolyte,,,,,,,
P081,Hydrogel,,,,,,,
P081,Polylactic acid,,,,,,,
P081,Ionogel,,,,,,,
P081,PDMS,,,,,,,
P081,Ionic liquid,,,,,,,
P081,Gelatin,,,,,,,
P081,PEG,,,,,,,
P081,Elastomer,,,,,,,
P081,PVDF,,,,,,,
P081,Polyethylene,,,,,,,
P082,Polyimide,,,,,,,
P082,PVDF-TrFE,,,,,,,
P082,Polyacrylate,,,,,,,
P082,Polysiloxane,,,,,,,
P082,Block copolymer,,,,,,,
P082,Polyurethane,,,,,,,
P082,Polyelectrolyte,,,,,,,
P082,Polylactic acid,,,,,,,
P082,PDMS,,,,,,,
P082,PEG,,,,,,,
P082,Elastomer,,,,,,,
P082,PVDF,,,,,,,
P082,Polyethylene,,,,,,,
P083,Polyimide,,,,,,,
P083,Polyacrylate,,,,,,,
P083,Polythiophene,,,,,,,
P083,Self-healing,,,,,,,
P083,Polyurethane,,,,,,,
P083,Polyelectrolyte,,,,,,,
P083,Polylactic acid,,,,,,,
P083,PEDOT:PSS,,,,,,,
P083,PDMS,,,,,,,
P083,Ionic liquid,,,,,,,
P083,PEG,,,,,,,
P083,Polyester,,,,,,,
P083,Elastomer,,,,,,,
P083,Hydrogel,,,,,,,
P083,SBR,,,,,,,
P083,Polyethylene,,,,,,,
P084,Polyimide,,,,,,,
P084,Polyurethane,,,,,,,
P084,Polylactic acid,,,,,,,
P084,PEG,,,,,,,
P084,Polyethylene,,,,,,,
P085,Polyimide,,,,,,,
P085,Polysiloxane,,,,,,,
P085,Self-healing,,,,,,,
P085,Polyurethane,,,,,,,
P085,Polyelectrolyte,,,,,,,
P085,Polylactic acid,,,,,,,
P085,PEDOT:PSS,,,,,,,
P085,PDMS,,,,,,,
P085,Ionic liquid,,,,,,,
P085,Chitosan,,,,,,,
P085,Alginate,,,,,,,
P085,PEG,,,,,,,
P085,Elastomer,,,,,,,
P085,Hydrogel,,,,,,,
P085,Polyethylene,,,,,,,
P086,Polyimide,,,,,,,
P086,Polyacrylate,,,,,,,
P086,Polyurethane,,,,,,,
P086,Polysulfide,,,,,,,
P086,Polylactic acid,,,,,,,
P086,PEDOT:PSS,,,,,,,
P086,Ionic liquid,,,,,,,
P086,PEG,,,,,,,
P086,Thiourea,,,,,,,
P086,Elastomer,,,,,,,
P086,PVDF,,,,,,,
P086,Polyethylene,,,,,,,
P087,Polyimide,,,,,,,
P087,Polysiloxane,,,,,,,
P087,Self-healing,,,,,,,
P087,Polyurethane,,,,,,,
P087,Polylactic acid,,,,,,,
P087,PEG,,,,,,,
P087,Shape memory polymer,,,,,,,
P087,Elastomer,,,,,,,
P087,Polyethylene,,,,,,,
P088,Polyimide,,,,,,,
P088,Polysiloxane,,,,,,,
P088,Self-healing,,,,,,,
P088,Polyurethane,,,,,,,
P088,Polyamide,,,,,,,
P088,Polyelectrolyte,,,,,,,
P088,Ionogel,,,,,,,
P088,Polylactic acid,,,,,,,
P088,PDMS,,,,,,,
P088,Ionic liquid,,,,,,,
P088,Chitosan,,,,,,,
P088,Gelatin,,,,,,,
P088,PEG,,,,,,,
P088,Elastomer,,,,,,,
P088,Hydrogel,,,,,,,
P088,Polyethylene,,,,,,,
P089,Furan,,,,,,,
P089,Polyimide,,,,,,,
P089,Polyacrylate,,,,,,,
P089,Polyurethane,,,,,,,
P089,Ionogel,,,,,,,
P089,Polylactic acid,,,,,,,
P089,Ionic liquid,,,,,,,
P089,PEG,,,,,,,
P089,Polyester,,,,,,,
P089,Elastomer,,,,,,,
P089,PVDF,,,,,,,
P089,Polyethylene,,,,,,,
P090,Polyimide,,,,,,,
P090,Polyacrylate,,,,,,,
P090,Polyurethane,,,,,,,
P090,Hydrogel,,,,,,,
P090,Polylactic acid,,,,,,,
P090,Chitosan,,,,,,,
P090,PCL,,,,,,,
P090,Ionic liquid,,,,,,,
P090,PEG,,,,,,,
P090,Elastomer,,,,,,,
P090,PVDF,,,,,,,
P090,Polyethylene,,,,,,,
P091,Polyimide,,,,,,,
P091,Polysiloxane,,,,,,,
P091,Polyurethane,,,,,,,
P091,Polyelectrolyte,,,,,,,
P091,Ionogel,,,,,,,
P091,Polylactic acid,,,,,,,
P091,Ionic liquid,,,,,,,
P091,PEG,,,,,,,
P091,Natural rubber,,,,,,,
P091,Elastomer,,,,,,,
P091,Polyethylene,,,,,,,
P092,Polyimide,,,,,,,
P092,Polyacrylate,,,,,,,
P092,Polysiloxane,,,,,,,
P092,Polyurethane,,,,,,,
P092,Polylactic acid,,,,,,,
P092,Ionic liquid,,,,,,,
P092,Elastomer,,,,,,,
P092,Hydrogel,,,,,,,
P092,Polyethylene,,,,,,,
P093,Polyimide,,,,,,,
P093,Polyacrylate,,,,,,,
P093,Self-healing,,,,,,,
P093,Polyurethane,,,,,,,
P093,Ionogel,,,,,,,
P093,Polylactic acid,,,,,,,
P093,Ionic liquid,,,,,,,
P093,PEG,,,,,,,
P093,Elastomer,,,,,,,
P093,Hydrogel,,,,,,,
P093,Polyethylene,,,,,,,
P094,Furan,,,,,,,
P094,Polyimide,,,,,,,
P094,Polyacrylate,,,,,,,
P094,Polysiloxane,,,,,,,
P094,Self-healing,,,,,,,
P094,Polyurethane,,,,,,,
P094,Polyelectrolyte,,,,,,,
P094,Hydrogel,,,,,,,
P094,Polylactic acid,,,,,,,
P094,Ionogel,,,,,,,
P094,PDMS,,,,,,,
P094,Ionic liquid,,,,,,,
P094,PEG,,,,,,,
P094,Gelatin,,,,,,,
P094,PVDF,,,,,,,
P094,Polyethylene,,,,,,,
P095,Polyimide,,,,,,,
P095,Polyurethane,,,,,,,
P095,Polyelectrolyte,,,,,,,
P095,Polylactic acid,,,,,,,
P095,PEG,,,,,,,
P095,Polyethylene,,,,,,,
P096,Polyimide,,,,,,,
P096,Polyacrylate,,,,,,,
P096,Polysiloxane,,,,,,,
P096,Polyurethane,,,,,,,
P096,Polylactic acid,,,,,,,
P096,Ionic liquid,,,,,,,
P096,PEG,,,,,,,
P096,Chitosan,,,,,,,
P096,PVDF,,,,,,,
P096,Polyethylene,,,,,,,
P097,Polyimide,,,,,,,
P097,Polyacrylate,,,,,,,
P097,Polysiloxane,,,,,,,
P097,Self-healing,,,,,,,
P097,Polyurethane,,,,,,,
P097,Polylactic acid,,,,,,,
P097,PEDOT:PSS,,,,,,,
P097,PDMS,,,,,,,
P097,PCL,,,,,,,
P097,Ionic liquid,,,,,,,
P097,Gelatin,,,,,,,
P097,PEG,,,,,,,
P097,Polyester,,,,,,,
P097,Elastomer,,,,,,,
P097,Hydrogel,,,,,,,
P097,SBR,,,,,,,
P097,Polyethylene,,,,,,,
P098,Polyimide,,,,,,,
P098,Polyacrylate,,,,,,,
P098,Polyurethane,,,,,,,
P098,Polylactic acid,,,,,,,
P098,PDMS,,,,,,,
P098,Ionic liquid,,,,,,,
P098,Chitosan,,,,,,,
P098,PEG,,,,,,,
P098,Elastomer,,,,,,,
P098,Hydrogel,,,,,,,
P098,Polyethylene,,,,,,,
P099,Polyimide,,,,,,,
P099,Block copolymer,,,,,,,
P099,Polyurethane,,,,,,,
P099,Ionogel,,,,,,,
P099,Polylactic acid,,,,,,,
P099,Ionic liquid,,,,,,,
P099,PEG,,,,,,,
P099,Elastomer,,,,,,,
P099,Polyethylene,,,,,,,
P100,Polyimide,,,,,,,
P100,Polyacrylate,,,,,,,
P100,Polysiloxane,,,,,,,
P100,Block copolymer,,,,,,,
P100,Polyamide,,,,,,,
P100,Polyurethane,,,,,,,
P100,Polyelectrolyte,,,,,,,
P100,Polylactic acid,,,,,,,
P100,Ionic liquid,,,,,,,
P100,PEG,,,,,,,
P100,Elastomer,,,,,,,
P100,Polyethylene,,,,,,,
P101,Polyimide,,,,,,,
P101,Self-healing,,,,,,,
P101,Polyurethane,,,,,,,
P101,Ionogel,,,,,,,
P101,Polylactic acid,,,,,,,
P101,Ionic liquid,,,,,,,
P101,Elastomer,,,,,,,
P101,Polyethylene,,,,,,,
P102,Polyimide,,,,,,,
P102,Block copolymer,,,,,,,
P102,Self-healing,,,,,,,
P102,Polyurethane,,,,,,,
P102,Polyamide,,,,,,,
P102,Polyelectrolyte,,,,,,,
P102,Ionogel,,,,,,,
P102,Polylactic acid,,,,,,,
P102,PEDOT:PSS,,,,,,,
P102,Ionic liquid,,,,,,,
P102,PEG,,,,,,,
P102,Shape memory polymer,,,,,,,
P102,Polyester,,,,,,,
P102,Elastomer,,,,,,,
P102,Hydrogel,,,,,,,
P102,Polyethylene,,,,,,,
P103,Polyimide,,,,,,,
P103,Polyurethane,,,,,,,
P103,Ionogel,,,,,,,
P103,Polylactic acid,,,,,,,
P103,PEDOT:PSS,,,,,,,
P103,PDMS,,,,,,,
P103,Ionic liquid,,,,,,,
P103,PEG,,,,,,,
P103,Elastomer,,,,,,,
P103,Polyethylene,,,,,,,
P104,Polyimide,,,,,,,
P104,Polyurethane,,,,,,,
P104,BaTiO3,,,,,,,
P104,Polylactic acid,,,,,,,
P104,PEG,,,,,,,
P104,Elastomer,,,,,,,
P104,SBR,,,,,,,
P104,Polyethylene,,,,,,,
P105,Polyimide,,,,,,,
P105,Polyurethane,,,,,,,
P105,Polylactic acid,,,,,,,
P105,Elastomer,,,,,,,
P105,Polyethylene,,,,,,,
P106,Polylactic acid,,,,,,,
P106,Polyimide,,,,,,,
P106,Polyurethane,,,,,,,
P106,Polyethylene,,,,,,,
P107,Polyimide,,,,,,,
P107,Polyurethane,,,,,,,
P107,BaTiO3,,,,,,,
P107,Hydrogel,,,,,,,
P107,Polylactic acid,,,,,,,
P107,PDMS,,,,,,,
P107,Elastomer,,,,,,,
P107,PVDF,,,,,,,
P107,Polyethylene,,,,,,,
P108,Polyimide,,,,,,,
P108,Polyurethane,,,,,,,
P108,Polylactic acid,,,,,,,
P108,Elastomer,,,,,,,
P108,Polyethylene,,,,,,,
P109,Polylactic acid,,,,,,,
P109,Polyimide,,,,,,,
P109,Polyurethane,,,,,,,
P109,Polyethylene,,,,,,,
P110,Polyimide,,,,,,,
P110,Polysiloxane,,,,,,,
P110,Polyurethane,,,,,,,
P110,BaTiO3,,,,,,,
P110,Polylactic acid,,,,,,,
P110,Elastomer,,,,,,,
P110,PVDF,,,,,,,
P110,Polyethylene,,,,,,,
P111,Polyimide,,,,,,,
P111,PVDF-TrFE,,,,,,,
P111,Polyurethane,,,,,,,
P111,BaTiO3,,,,,,,
P111,Polylactic acid,,,,,,,
P111,PVDF,,,,,,,
P111,PEG,,,,,,,
P111,Hydrogel,,,,,,,
P111,Polyethylene,,,,,,,
P112,Polyimide,,,,,,,
P112,Polyacrylate,,,,,,,
P112,Polyurethane,,,,,,,
P112,Polylactic acid,,,,,,,
P112,Chitosan,,,,,,,
P112,PVDF,,,,,,,
P112,Polyethylene,,,,,,,
P113,Polyimide,,,,,,,
P113,PVDF-TrFE,,,,,,,
P113,Polysiloxane,,,,,,,
P113,Polyamide,,,,,,,
P113,Polyurethane,,,,,,,
P113,BaTiO3,,,,,,,
P113,Polylactic acid,,,,,,,
P113,PDMS,,,,,,,
P113,Elastomer,,,,,,,
P113,PVDF,,,,,,,
P113,Polyethylene,,,,,,,
P114,Polyimide,,,,,,,
P114,PVDF-TrFE,,,,,,,
P114,Polysiloxane,,,,,,,
P114,Self-healing,,,,,,,
P114,Polyurethane,,,,,,,
P114,BaTiO3,,,,,,,
P114,Hydrogel,,,,,,,
P114,Polylactic acid,,,,,,,
P114,PEDOT:PSS,,,,,,,
P114,PDMS,,,,,,,
P114,Ionic liquid,,,,,,,
P114,PEG,,,,,,,
P114,Shape memory polymer,,,,,,,
P114,Elastomer,,,,,,,
P114,PVDF,,,,,,,
P114,SBR,,,,,,,
P114,Polyethylene,,,,,,,
P115,Polyimide,,,,,,,
P115,PVDF-TrFE,,,,,,,
P115,Polyamide,,,,,,,
P115,Polyurethane,,,,,,,
P115,BaTiO3,,,,,,,
P115,Hydrogel,,,,,,,
P115,Polylactic acid,,,,,,,
P115,PEDOT:PSS,,,,,,,
P115,Chitosan,,,,,,,
P115,PCL,,,,,,,
P115,Gelatin,,,,,,,
P115,Elastomer,,,,,,,
P115,PVDF,,,,,,,
P115,Polyethylene,,,,,,,
P116,Polyimide,,,,,,,
P116,PVDF-TrFE,,,,,,,
P116,Polyamide,,,,,,,
P116,Polyurethane,,,,,,,
P116,Polylactic acid,,,,,,,
P116,Ionic liquid,,,,,,,
P116,Polyester,,,,,,,
P116,Elastomer,,,,,,,
P116,PVDF,,,,,,,
P116,Polyethylene,,,,,,,
P117,Polyimide,,,,,,,
P117,PVDF-TrFE,,,,,,,
P117,Polysiloxane,,,,,,,
P117,Polyamide,,,,,,,
P117,Polyurethane,,,,,,,
P117,BaTiO3,,,,,,,
P117,Polylactic acid,,,,,,,
P117,PDMS,,,,,,,
P117,Elastomer,,,,,,,
P117,PVDF,,,,,,,
P117,Polyethylene,,,,,,,
P118,Polyimide,,,,,,,
P118,Self-healing,,,,,,,
P118,Polyurethane,,,,,,,
P118,Polylactic acid,,,,,,,
P118,Gelatin,,,,,,,
P118,Elastomer,,,,,,,
P118,Hydrogel,,,,,,,
P118,Polyethylene,,,,,,,
P119,Polyimide,,,,,,,
P119,Polysiloxane,,,,,,,
P119,Polyurethane,,,,,,,
P119,Hydrogel,,,,,,,
P119,Polylactic acid,,,,,,,
P119,PCL,,,,,,,
P119,PEG,,,,,,,
P119,Polyester,,,,,,,
P119,PVDF,,,,,,,
P119,Polyethylene,,,,,,,
P120,Polyimide,,,,,,,
P120,PVDF-TrFE,,,,,,,
P120,Polyurethane,,,,,,,
P120,BaTiO3,,,,,,,
P120,Polylactic acid,,,,,,,
P120,PVDF,,,,,,,
P120,PEG,,,,,,,
P120,Elastomer,,,,,,,
P120,Hydrogel,,,,,,,
P120,Polyethylene,,,,,,,
P121,Polyimide,,,,,,,
P121,PVDF-TrFE,,,,,,,
P121,Polyamide,,,,,,,
P121,Polyurethane,,,,,,,
P121,BaTiO3,,,,,,,
P121,Hydrogel,,,,,,,
P121,Polylactic acid,,,,,,,
P121,PEDOT:PSS,,,,,,,
P121,Chitosan,,,,,,,
P121,PCL,,,,,,,
P121,Gelatin,,,,,,,
P121,Elastomer,,,,,,,
P121,PVDF,,,,,,,
P121,Polyethylene,,,,,,,
P122,Polyimide,,,,,,,
P122,Polyurethane,,,,,,,
P122,Hydrogel,,,,,,,
P122,Polylactic acid,,,,,,,
P122,PEDOT:PSS,,,,,,,
P122,Elastomer,,,,,,,
P122,PVDF,,,,,,,
P122,Polyethylene,,,,,,,
P123,Polyimide,,,,,,,
P123,Self-healing,,,,,,,
P123,Polyurethane,,,,,,,
P123,Polyamide,,,,,,,
P123,BaTiO3,,,,,,,
P123,Polylactic acid,,,,,,,
P123,PCL,,,,,,,
P123,PEG,,,,,,,
P123,Elastomer,,,,,,,
P123,PVDF,,,,,,,
P123,Polyethylene,,,,,,,
P124,Polyimide,,,,,,,
P124,Polyacrylate,,,,,,,
P124,Polyurethane,,,,,,,
P124,Polylactic acid,,,,,,,
P124,PEG,,,,,,,
P124,Chitosan,,,,,,,
P124,PVDF,,,,,,,
P124,Polyethylene,,,,,,,
P125,Polyimide,,,,,,,
P125,Polyurethane,,,,,,,
P125,BaTiO3,,,,,,,
P125,Polylactic acid,,,,,,,
P125,PDMS,,,,,,,
P125,PEG,,,,,,,
P125,PVDF,,,,,,,
P125,Polyethylene,,,,,,,
P126,Polyimide,,,,,,,
P126,PVDF-TrFE,,,,,,,
P126,Polyurethane,,,,,,,
P126,Hydrogel,,,,,,,
P126,Polylactic acid,,,,,,,
P126,PEDOT:PSS,,,,,,,
P126,Gelatin,,,,,,,
P126,Elastomer,,,,,,,
P126,PVDF,,,,,,,
P126,Polyethylene,,,,,,,
P128,Polyimide,,,,,,,
P128,Self-healing,,,,,,,
P128,Polyurethane,,,,,,,
P128,Polyamide,,,,,,,
P128,Ionogel,,,,,,,
P128,Polylactic acid,,,,,,,
P128,PVDF,,,,,,,
P128,Ionic liquid,,,,,,,
P128,PEG,,,,,,,
P128,Elastomer,,,,,,,
P128,Hydrogel,,,,,,,
P128,Polyethylene,,,,,,,
P129,Polyimide,,,,,,,
P129,PVDF-TrFE,,,,,,,
P129,Polythiophene,,,,,,,
P129,Polyurethane,,,,,,,
P129,Polyelectrolyte,,,,,,,
P129,Hydrogel,,,,,,,
P129,Polylactic acid,,,,,,,
P129,PEDOT:PSS,,,,,,,
P129,PDMS,,,,,,,
P129,PCL,,,,,,,
P129,Chitosan,,,,,,,
P129,Alginate,,,,,,,
P129,Gelatin,,,,,,,
P129,PEG,,,,,,,
P129,Polyester,,,,,,,
P129,Elastomer,,,,,,,
P129,PVDF,,,,,,,
P129,Polyethylene,,,,,,,
P130,Polyimide,,,,,,,
P130,Polyurethane,,,,,,,
P130,BaTiO3,,,,,,,
P130,Polylactic acid,,,,,,,
P130,PDMS,,,,,,,
P130,PEG,,,,,,,
P130,PVDF,,,,,,,
P130,Polyethylene,,,,,,,
P131,Polyimide,,,,,,,
P131,PVDF-TrFE,,,,,,,
P131,Polyurethane,,,,,,,
P131,Hydrogel,,,,,,,
P131,Polylactic acid,,,,,,,
P131,PEDOT:PSS,,,,,,,
P131,Gelatin,,,,,,,
P131,Elastomer,,,,,,,
P131,PVDF,,,,,,,
P131,Polyethylene,,,,,,,
P132,Polyimide,,,,,,,
P132,Self-healing,,,,,,,
P132,Polyurethane,,,,,,,
P132,Polyamide,,,,,,,
P132,Ionogel,,,,,,,
P132,Polylactic acid,,,,,,,
P132,PVDF,,,,,,,
P132,Ionic liquid,,,,,,,
P132,PEG,,,,,,,
P132,Elastomer,,,,,,,
P132,Hydrogel,,,,,,,
P132,Polyethylene,,,,,,,
P133,Polyimide,,,,,,,
P133,PVDF-TrFE,,,,,,,
P133,Polyurethane,,,,,,,
P133,Polylactic acid,,,,,,,
P133,Elastomer,,,,,,,
P133,PVDF,,,,,,,
P133,Polyethylene,,,,,,,
P134,Polyimide,,,,,,,
P134,Self-healing,,,,,,,
P134,Polyurethane,,,,,,,
P134,Polyamide,,,,,,,
P134,BaTiO3,,,,,,,
P134,Polylactic acid,,,,,,,
P134,PCL,,,,,,,
P134,PEG,,,,,,,
P134,Elastomer,,,,,,,
P134,PVDF,,,,,,,
P134,Polyethylene,,,,,,,
P135,Polyimide,,,,,,,
P135,PVDF-TrFE,,,,,,,
P135,Polythiophene,,,,,,,
P135,Polyurethane,,,,,,,
P135,Polyelectrolyte,,,,,,,
P135,Hydrogel,,,,,,,
P135,Polylactic acid,,,,,,,
P135,PEDOT:PSS,,,,,,,
P135,PDMS,,,,,,,
P135,PCL,,,,,,,
P135,Chitosan,,,,,,,
P135,Alginate,,,,,,,
P135,Gelatin,,,,,,,
P135,PEG,,,,,,,
P135,Polyester,,,,,,,
P135,Elastomer,,,,,,,
P135,PVDF,,,,,,,
P135,Polyethylene,,,,,,,
P136,Polyimide,,,,,,,
P136,PVDF-TrFE,,,,,,,
P136,Polyurethane,,,,,,,
P136,BaTiO3,,,,,,,
P136,Polylactic acid,,,,,,,
P136,PVDF,,,,,,,
P136,PEG,,,,,,,
P136,Hydrogel,,,,,,,
P136,Polyethylene,,,,,,,
P137,Polyimide,,,,,,,
P137,PVDF-TrFE,,,,,,,
P137,Polyurethane,,,,,,,
P137,Polylactic acid,,,,,,,
P137,Elastomer,,,,,,,
P137,PVDF,,,,,,,
P137,Polyethylene,,,,,,,
P139,Polyimide,,,,,,,
P139,Polyurethane,,,,,,,
P139,Polylactic acid,,,,,,,
P139,Elastomer,,,,,,,
P139,Polyethylene,,,,,,,
P140,Polyimide,,,,,,,
P140,Self-healing,,,,,,,
P140,Polyurethane,,,,,,,
P140,Polylactic acid,,,,,,,
P140,PVDF,,,,,,,
P140,Elastomer,,,,,,,
P140,Hydrogel,,,,,,,
P140,Polyethylene,,,,,,,
P141,Polyimide,,,,,,,
P141,Polyacrylate,,,,,,,
P141,Polyurethane,,,,,,,
P141,Polylactic acid,,,,,,,
P141,PEG,,,,,,,
P141,Chitosan,,,,,,,
P141,PVDF,,,,,,,
P141,Polyethylene,,,,,,,
P142,Polyimide,,,,,,,
P142,Polyurethane,,,,,,,
P142,Hydrogel,,,,,,,
P142,Polylactic acid,,,,,,,
P142,PEDOT:PSS,,,,,,,
P142,Elastomer,,,,,,,
P142,PVDF,,,,,,,
P142,Polyethylene,,,,,,,
P143,Polyimide,,,,,,,
P143,Polyurethane,,,,,,,
P143,Polylactic acid,,,,,,,
P143,Elastomer,,,,,,,
P143,Polyethylene,,,,,,,
P144,Polyimide,,,,,,,
P144,Polysiloxane,,,,,,,
P144,Polyurethane,,,,,,,
P144,Hydrogel,,,,,,,
P144,Polylactic acid,,,,,,,
P144,PCL,,,,,,,
P144,PEG,,,,,,,
P144,Polyester,,,,,,,
P144,PVDF,,,,,,,
P144,Polyethylene,,,,,,,
P145,Polyimide,,,,,,,
P145,Polyurethane,,,,,,,
P145,Polylactic acid,,,,,,,
P145,Elastomer,,,,,,,
P145,Polyethylene,,,,,,,
P146,Polyimide,,,,,,,
P146,PVDF-TrFE,,,,,,,
P146,Polyamide,,,,,,,
P146,Polyurethane,,,,,,,
P146,Polylactic acid,,,,,,,
P146,PVDF,,,,,,,
P146,Chitosan,,,,,,,
P146,Gelatin,,,,,,,
P146,PEG,,,,,,,
P146,Elastomer,,,,,,,
P146,Hydrogel,,,,,,,
P146,Polyethylene,,,,,,,
P147,Polyimide,,,,,,,
P147,Polyamide,,,,,,,
P147,Polyurethane,,,,,,,
P147,Polylactic acid,,,,,,,
P147,PDMS,,,,,,,
P147,PCL,,,,,,,
P147,PEG,,,,,,,
P147,Elastomer,,,,,,,
P147,PVDF,,,,,,,
P147,Polyethylene,,,,,,,
P148,Polylactic acid,,,,,,,
P148,Polyimide,,,,,,,
P148,Polyurethane,,,,,,,
P148,Polyethylene,,,,,,,
P149,Polyimide,,,,,,,
P149,Self-healing,,,,,,,
P149,Polyurethane,,,,,,,
P149,Polylactic acid,,,,,,,
P149,PDMS,,,,,,,
P149,PEG,,,,,,,
P149,Polyester,,,,,,,
P149,Vitrimer,,,,,,,
P149,Elastomer,,,,,,,
P149,Hydrogel,,,,,,,
P149,Polyethylene,,,,,,,
P150,Polysulfide,,,,,,,
P150,Boronic ester,,,,,,,
P150,PEG,,,,,,,
P150,Polyester,,,,,,,
P150,Vitrimer,,,,,,,
P150,Thiourea,,,,,,,
P150,Polyimide,,,,,,,
P150,Polyacrylate,,,,,,,
P150,Polysiloxane,,,,,,,
P150,Natural rubber,,,,,,,
P150,Elastomer,,,,,,,
P150,Polyethylene,,,,,,,
P150,Furan,,,,,,,
P150,Self-healing,,,,,,,
P150,Polyurethane,,,,,,,
P150,Polylactic acid,,,,,,,
P150,PCL,,,,,,,
P150,Shape memory polymer,,,,,,,
P150,Hydrogel,,,,,,,
P151,Furan,,,,,,,
P151,Polyimide,,,,,,,
P151,Block copolymer,,,,,,,
P151,Polyurethane,,,,,,,
P151,Polylactic acid,,,,,,,
P151,PCL,,,,,,,
P151,Polyester,,,,,,,
P151,Elastomer,,,,,,,
P151,Polyethylene,,,,,,,
P152,Furan,,,,,,,
P152,Polyimide,,,,,,,
P152,Polysiloxane,,,,,,,
P152,Polyurethane,,,,,,,
P152,Polylactic acid,,,,,,,
P152,PCL,,,,,,,
P152,PEG,,,,,,,
P152,Elastomer,,,,,,,
P152,Polyethylene,,,,,,,
P153,Polyimide,,,,,,,
P153,Block copolymer,,,,,,,
P153,Self-healing,,,,,,,
P153,Polyurethane,,,,,,,
P153,Polyamide,,,,,,,
P153,Polyelectrolyte,,,,,,,
P153,Ionogel,,,,,,,
P153,Polylactic acid,,,,,,,
P153,PEDOT:PSS,,,,,,,
P153,Ionic liquid,,,,,,,
P153,PEG,,,,,,,
P153,Shape memory polymer,,,,,,,
P153,Polyester,,,,,,,
P153,Elastomer,,,,,,,
P153,Hydrogel,,,,,,,
P153,Polyethylene,,,,,,,
P154,Furan,,,,,,,
P154,Polyimide,,,,,,,
P154,Boronic ester,,,,,,,
P154,Self-healing,,,,,,,
P154,Polyurethane,,,,,,,
P154,Polyelectrolyte,,,,,,,
P154,Ionogel,,,,,,,
P154,Polylactic acid,,,,,,,
P154,PDMS,,,,,,,
P154,PCL,,,,,,,
P154,Ionic liquid,,,,,,,
P154,Vitrimer,,,,,,,
P154,Chitosan,,,,,,,
P154,Alginate,,,,,,,
P154,PEG,,,,,,,
P154,Elastomer,,,,,,,
P154,Hydrogel,,,,,,,
P154,Polyethylene,,,,,,,
P155,Polyimide,,,,,,,
P155,Polyacrylate,,,,,,,
P155,Block copolymer,,,,,,,
P155,Self-healing,,,,,,,
P155,Polyurethane,,,,,,,
P155,Polylactic acid,,,,,,,
P155,Lipoic acid,,,,,,,
P155,Elastomer,,,,,,,
P155,Hydrogel,,,,,,,
P155,Polyethylene,,,,,,,
P156,Polyimide,,,,,,,
P156,Polyacrylate,,,,,,,
P156,Self-healing,,,,,,,
P156,Polyurethane,,,,,,,
P156,Polylactic acid,,,,,,,
P156,Polyester,,,,,,,
P156,Elastomer,,,,,,,
P156,Hydrogel,,,,,,,
P156,Polyethylene,,,,,,,
P157,Furan,,,,,,,
P157,Polyimide,,,,,,,
P157,Polyurethane,,,,,,,
P157,Polylactic acid,,,,,,,
P157,Polyester,,,,,,,
P157,Elastomer,,,,,,,
P157,Polyethylene,,,,,,,
P158,Polyimide,,,,,,,
P158,Polyurethane,,,,,,,
P158,Polyelectrolyte,,,,,,,
P158,Polylactic acid,,,,,,,
P158,PEG,,,,,,,
P158,Elastomer,,,,,,,
P158,SBR,,,,,,,
P158,Polyethylene,,,,,,,
P159,Furan,,,,,,,
P159,Polyimide,,,,,,,
P159,Self-healing,,,,,,,
P159,Polyurethane,,,,,,,
P159,Polylactic acid,,,,,,,
P159,PCL,,,,,,,
P159,PEG,,,,,,,
P159,Shape memory polymer,,,,,,,
P159,Elastomer,,,,,,,
P159,Hydrogel,,,,,,,
P159,Polyethylene,,,,,,,
P161,Polyimide,,,,,,,
P161,Self-healing,,,,,,,
P161,Polyurethane,,,,,,,
P161,Polyamide,,,,,,,
P161,Polylactic acid,,,,,,,
P161,PDMS,,,,,,,
P161,PCL,,,,,,,
P161,Gelatin,,,,,,,
P161,Shape memory polymer,,,,,,,
P161,PEG,,,,,,,
P161,Polyester,,,,,,,
P161,Elastomer,,,,,,,
P161,Hydrogel,,,,,,,
P161,SBR,,,,,,,
P161,Polyethylene,,,,,,,
P162,Polyimide,,,,,,,
P162,Self-healing,,,,,,,
P162,Polyurethane,,,,,,,
P162,Polylactic acid,,,,,,,
P162,Shape memory polymer,,,,,,,
P162,Elastomer,,,,,,,
P162,Polyethylene,,,,,,,
P163,Polyimide,,,,,,,
P163,Self-healing,,,,,,,
P163,Polyurethane,,,,,,,
P163,Polylactic acid,,,,,,,
P163,Shape memory polymer,,,,,,,
P163,Elastomer,,,,,,,
P163,Polyethylene,,,,,,,
P164,Polyimide,,,,,,,
P164,Polysiloxane,,,,,,,
P164,Polyamide,,,,,,,
P164,Polyurethane,,,,,,,
P164,Polylactic acid,,,,,,,
P164,Gelatin,,,,,,,
P164,Shape memory polymer,,,,,,,
P164,Elastomer,,,,,,,
P164,Hydrogel,,,,,,,
P164,Polyethylene,,,,,,,
P165,Furan,,,,,,,
P165,Polyimide,,,,,,,
P165,Boronic ester,,,,,,,
P165,Block copolymer,,,,,,,
P165,Self-healing,,,,,,,
P165,Polyurethane,,,,,,,
P165,Polylactic acid,,,,,,,
P165,Shape memory polymer,,,,,,,
P165,Gelatin,,,,,,,
P165,PCL,,,,,,,
P165,PEG,,,,,,,
P165,Vitrimer,,,,,,,
P165,Thiourea,,,,,,,
P165,Elastomer,,,,,,,
P165,Hydrogel,,,,,,,
P165,SBR,,,,,,,
P165,Polyethylene,,,,,,,
P166,Furan,,,,,,,
P166,Polyimide,,,,,,,
P166,Polyacrylate,,,,,,,
P166,Self-healing,,,,,,,
P166,Polyurethane,,,,,,,
P166,Polyamide,,,,,,,
P166,Polyelectrolyte,,,,,,,
P166,Polylactic acid,,,,,,,
P166,PCL,,,,,,,
P166,Polyester,,,,,,,
P166,Vitrimer,,,,,,,
P166,Thiourea,,,,,,,
P166,Elastomer,,,,,,,
P166,Polyethylene,,,,,,,
P167,Polyimide,,,,,,,
P167,Polysiloxane,,,,,,,
P167,Polyurethane,,,,,,,
P167,Polylactic acid,,,,,,,
P167,PEG,,,,,,,
P167,Elastomer,,,,,,,
P167,Hydrogel,,,,,,,
P167,Polyethylene,,,,,,,
P168,Polyimide,,,,,,,
P168,Polyurethane,,,,,,,
P168,Polylactic acid,,,,,,,
P168,PDMS,,,,,,,
P168,Polyamide,,,,,,,
P168,Polyethylene,,,,,,,
P169,Polyimide,,,,,,,
P169,PVDF-TrFE,,,,,,,
P169,Polyacrylate,,,,,,,
P169,Self-healing,,,,,,,
P169,Polyurethane,,,,,,,
P169,Polyamide,,,,,,,
P169,Hydrogel,,,,,,,
P169,Polylactic acid,,,,,,,
P169,PEDOT:PSS,,,,,,,
P169,PDMS,,,,,,,
P169,PCL,,,,,,,
P169,Chitosan,,,,,,,
P169,Alginate,,,,,,,
P169,PEG,,,,,,,
P169,Polyester,,,,,,,
P169,Elastomer,,,,,,,
P169,PVDF,,,,,,,
P169,Polyethylene,,,,,,,
P170,Polyimide,,,,,,,
P170,Polysiloxane,,,,,,,
P170,Polyamide,,,,,,,
P170,Polyurethane,,,,,,,
P170,Polylactic acid,,,,,,,
P170,PDMS,,,,,,,
P170,Polyester,,,,,,,
P170,Shape memory polymer,,,,,,,
P170,Elastomer,,,,,,,
P170,Polyethylene,,,,,,,
P171,Polyimide,,,,,,,
P171,PVDF-TrFE,,,,,,,
P171,Polyamide,,,,,,,
P171,Polyurethane,,,,,,,
P171,BaTiO3,,,,,,,
P171,Hydrogel,,,,,,,
P171,Polylactic acid,,,,,,,
P171,PDMS,,,,,,,
P171,Gelatin,,,,,,,
P171,PVDF,,,,,,,
P171,Polyethylene,,,,,,,
P172,Polylactic acid,,,,,,,
P172,Polyimide,,,,,,,
P172,Polyurethane,,,,,,,
P172,Polyethylene,,,,,,,
P173,Polyimide,,,,,,,
P173,Polyurethane,,,,,,,
P173,Polylactic acid,,,,,,,
P173,PEG,,,,,,,
P173,Polyethylene,,,,,,,
P174,Polyimide,,,,,,,
P174,Polyurethane,,,,,,,
P174,Polylactic acid,,,,,,,
P174,PVDF,,,,,,,
P174,Polyethylene,,,,,,,
P175,Polyimide,,,,,,,
P175,Polysiloxane,,,,,,,
P175,Polyamide,,,,,,,
P175,Polyurethane,,,,,,,
P175,Polylactic acid,,,,,,,
P175,Elastomer,,,,,,,
P175,Polyethylene,,,,,,,
P176,Polyimide,,,,,,,
P176,Polyurethane,,,,,,,
P176,Polylactic acid,,,,,,,
P176,PEDOT:PSS,,,,,,,
P176,Hydrogel,,,,,,,
P176,Polyethylene,,,,,,,
P177,Polyimide,,,,,,,
P177,Polyurethane,,,,,,,
P177,Polylactic acid,,,,,,,
P177,PVDF,,,,,,,
P177,Polyethylene,,,,,,,
P178,Polyimide,,,,,,,
P178,Polyurethane,,,,,,,
P178,Polylactic acid,,,,,,,
P178,PDMS,,,,,,,
P178,Polyester,,,,,,,
P178,Polyethylene,,,,,,,
P179,Polyimide,,,,,,,
P179,Polysiloxane,,,,,,,
P179,Polyurethane,,,,,,,
P179,Polylactic acid,,,,,,,
P179,Elastomer,,,,,,,
P179,Polyethylene,,,,,,,
P180,Polyimide,,,,,,,
P180,Polyurethane,,,,,,,
P180,Polylactic acid,,,,,,,
P180,Elastomer,,,,,,,
P180,Polyethylene,,,,,,,
P181,Polyimide,,,,,,,
P181,Polyurethane,,,,,,,
P181,Polylactic acid,,,,,,,
P181,Ionic liquid,,,,,,,
P181,Polyethylene,,,,,,,
P182,Polyimide,,,,,,,
P182,Polyurethane,,,,,,,
P182,Polylactic acid,,,,,,,
P182,Ionic liquid,,,,,,,
P182,PEG,,,,,,,
P182,Shape memory polymer,,,,,,,
P182,Polyethylene,,,,,,,
P183,Polylactic acid,,,,,,,
P183,Polyimide,,,,,,,
P183,Polyurethane,,,,,,,
P183,Polyethylene,,,,,,,
P184,Polyimide,,,,,,,
P184,Polyurethane,,,,,,,
P184,Polylactic acid,,,,,,,
P184,PEG,,,,,,,
P184,Polyethylene,,,,,,,
P185,Polyimide,,,,,,,
P185,Polyurethane,,,,,,,
P185,Polylactic acid,,,,,,,
P185,Hydrogel,,,,,,,
P185,Polyethylene,,,,,,,
P186,Polyimide,,,,,,,
P186,Polyethylene,,,,,,,
P186,Polyurethane,,,,,,,
P186,Polylactic acid,,,,,,,
P186,PCL,,,,,,,
P186,Polyester,,,,,,,
P186,Shape memory polymer,,,,,,,
P186,Polyamide,,,,,,,
P186,Block copolymer,,,,,,,
P187,Polyimide,,,,,,,
P187,Polyethylene,,,,,,,
P187,Polyurethane,,,,,,,
P187,Polylactic acid,,,,,,,
P187,Polyester,,,,,,,
P187,Elastomer,,,,,,,
P187,Block copolymer,,,,,,,
P188,Furan,,,,,,,
P188,Polyimide,,,,,,,
P188,Block copolymer,,,,,,,
P188,Self-healing,,,,,,,
P188,Polyurethane,,,,,,,
P188,Polylactic acid,,,,,,,
P188,Shape memory polymer,,,,,,,
P188,PDMS,,,,,,,
P188,PCL,,,,,,,
P188,PEG,,,,,,,
P188,Vitrimer,,,,,,,
P188,Polyester,,,,,,,
P188,Elastomer,,,,,,,
P188,Hydrogel,,,,,,,
P188,Polyethylene,,,,,,,
P189,Polylactic acid,,,,,,,
P189,Polyimide,,,,,,,
P189,Polyurethane,,,,,,,
P189,Polyethylene,,,,,,,
P190,Polyimide,,,,,,,
P190,Polyurethane,,,,,,,
P190,Polylactic acid,,,,,,,
P190,PEG,,,,,,,
P190,Elastomer,,,,,,,
P190,Polyethylene,,,,,,,
P191,Polyimide,,,,,,,
P191,Polyurethane,,,,,,,
P191,Polylactic acid,,,,,,,
P191,Polyamide,,,,,,,
P191,SBR,,,,,,,
P191,Polyethylene,,,,,,,
P192,Polyimide,,,,,,,
P192,PVDF-TrFE,,,,,,,
P192,Polythiophene,,,,,,,
P192,Self-healing,,,,,,,
P192,Polyurethane,,,,,,,
P192,Polylactic acid,,,,,,,
P192,PEDOT:PSS,,,,,,,
P192,PCL,,,,,,,
P192,Ionic liquid,,,,,,,
P192,PEG,,,,,,,
P192,Hydrogel,,,,,,,
P192,Polyethylene,,,,,,,
P193,Polyimide,,,,,,,
P193,Block copolymer,,,,,,,
P193,Polyurethane,,,,,,,
P193,Polyelectrolyte,,,,,,,
P193,Polylactic acid,,,,,,,
P193,PCL,,,,,,,
P193,Alginate,,,,,,,
P193,Elastomer,,,,,,,
P193,Polyethylene,,,,,,,
P194,Furan,,,,,,,
P194,Polyimide,,,,,,,
P194,Block copolymer,,,,,,,
P194,Polyurethane,,,,,,,
P194,Polylactic acid,,,,,,,
P194,PCL,,,,,,,
P194,PEG,,,,,,,
P194,Shape memory polymer,,,,,,,
P194,Polyester,,,,,,,
P194,Elastomer,,,,,,,
P194,Polyethylene,,,,,,,
P195,Polyimide,,,,,,,
P195,PVDF-TrFE,,,,,,,
P195,Polysiloxane,,,,,,,
P195,Polyamide,,,,,,,
P195,Polyurethane,,,,,,,
P195,BaTiO3,,,,,,,
P195,Polylactic acid,,,,,,,
P195,PDMS,,,,,,,
P195,Elastomer,,,,,,,
P195,PVDF,,,,,,,
P195,Polyethylene,,,,,,,
P196,Furan,,,,,,,
P196,Polyimide,,,,,,,
P196,Block copolymer,,,,,,,
P196,Self-healing,,,,,,,
P196,Polyurethane,,,,,,,
P196,Polyamide,,,,,,,
P196,Polylactic acid,,,,,,,
P196,PEDOT:PSS,,,,,,,
P196,Chitosan,,,,,,,
P196,PCL,,,,,,,
P196,Gelatin,,,,,,,
P196,Shape memory polymer,,,,,,,
P196,PEG,,,,,,,
P196,Polyester,,,,,,,
P196,Elastomer,,,,,,,
P196,Hydrogel,,,,,,,
P196,SBR,,,,,,,
P196,Polyethylene,,,,,,,
P197,Polyimide,,,,,,,
P197,PVDF-TrFE,,,,,,,
P197,Polyamide,,,,,,,
P197,Polyurethane,,,,,,,
P197,Polylactic acid,,,,,,,
P197,Ionic liquid,,,,,,,
P197,Polyester,,,,,,,
P197,Elastomer,,,,,,,
P197,PVDF,,,,,,,
P197,Polyethylene,,,,,,,
P198,Polyimide,,,,,,,
P198,Polyurethane,,,,,,,
P198,Polylactic acid,,,,,,,
P198,PCL,,,,,,,
P198,PEG,,,,,,,
P198,Elastomer,,,,,,,
P198,Polyethylene,,,,,,,
P199,Polyimide,,,,,,,
P199,Polyurethane,,,,,,,
P199,Polylactic acid,,,,,,,
P199,PEG,,,,,,,
P199,Elastomer,,,,,,,
P199,Polyethylene,,,,,,,
P200,Polyimide,,,,,,,
P200,Polyurethane,,,,,,,
P200,Polyelectrolyte,,,,,,,
P200,Polylactic acid,,,,,,,
P200,Polyethylene,,,,,,,
P201,Polyimide,,,,,,,
P201,Polyethylene,,,,,,,
P201,Polythiophene,,,,,,,
P201,Polyurethane,,,,,,,
P201,Polyelectrolyte,,,,,,,
P201,Polylactic acid,,,,,,,
P201,Elastomer,,,,,,,
P201,Block copolymer,,,,,,,
P202,Polyimide,,,,,,,
P202,Polyurethane,,,,,,,
P202,Polylactic acid,,,,,,,
P202,PEG,,,,,,,
P202,Elastomer,,,,,,,
P202,Hydrogel,,,,,,,
P202,Polyethylene,,,,,,,
P203,Polyimide,,,,,,,
P203,Polyurethane,,,,,,,
P203,Polylactic acid,,,,,,,
P203,Ionic liquid,,,,,,,
P203,Polyethylene,,,,,,,
P204,Polyimide,,,,,,,
P204,Polyurethane,,,,,,,
P204,Polylactic acid,,,,,,,
P204,PEG,,,,,,,
P204,Elastomer,,,,,,,
P204,Polyethylene,,,,,,,
P205,Polyimide,,,,,,,
P205,Polyethylene,,,,,,,
P205,Polyurethane,,,,,,,
P205,Polylactic acid,,,,,,,
P205,Elastomer,,,,,,,
P205,Block copolymer,,,,,,,
P206,Polyimide,,,,,,,
P206,Block copolymer,,,,,,,
P206,Self-healing,,,,,,,
P206,Polyurethane,,,,,,,
P206,Polyelectrolyte,,,,,,,
P206,Polylactic acid,,,,,,,
P206,PDMS,,,,,,,
P206,Shape memory polymer,,,,,,,
P206,Elastomer,,,,,,,
P206,Hydrogel,,,,,,,
P206,Polyethylene,,,,,,,
P207,Polyimide,,,,,,,
P207,PVDF-TrFE,,,,,,,
P207,Polyurethane,,,,,,,
P207,BaTiO3,,,,,,,
P207,Polylactic acid,,,,,,,
P207,PVDF,,,,,,,
P207,PEG,,,,,,,
P207,Elastomer,,,,,,,
P207,Hydrogel,,,,,,,
P207,Polyethylene,,,,,,,
P208,Polyimide,,,,,,,
P208,Polyurethane,,,,,,,
P208,Polylactic acid,,,,,,,
P208,PEG,,,,,,,
P208,Shape memory polymer,,,,,,,
P208,Elastomer,,,,,,,
P208,Polyethylene,,,,,,,
P209,Polyimide,,,,,,,
P209,Self-healing,,,,,,,
P209,Polyurethane,,,,,,,
P209,Polysulfide,,,,,,,
P209,Polylactic acid,,,,,,,
P209,Shape memory polymer,,,,,,,
P209,PDMS,,,,,,,
P209,PEG,,,,,,,
P209,Vitrimer,,,,,,,
P209,Elastomer,,,,,,,
P209,Polyethylene,,,,,,,
P210,Polyimide,,,,,,,
P210,Polyacrylate,,,,,,,
P210,PDMS,,,,,,,
P210,PEG,,,,,,,
P210,Polyethylene,,,,,,,
P211,Furan,,,,,,,
P211,Polyimide,,,,,,,
P211,Polyacrylate,,,,,,,
P211,Polysiloxane,,,,,,,
P211,Polyurethane,,,,,,,
P211,Ionogel,,,,,,,
P211,Polylactic acid,,,,,,,
P211,Ionic liquid,,,,,,,
P211,PEG,,,,,,,
P211,Elastomer,,,,,,,
P211,Hydrogel,,,,,,,
P211,Polyethylene,,,,,,,
P212,Polyimide,,,,,,,
P212,Polyurethane,,,,,,,
P212,Polysulfide,,,,,,,
P212,Polylactic acid,,,,,,,
P212,Elastomer,,,,,,,
P212,Polyethylene,,,,,,,
P213,Polyimide,,,,,,,
P213,Polyurethane,,,,,,,
P213,Polylactic acid,,,,,,,
P213,Elastomer,,,,,,,
P213,Polyethylene,,,,,,,
P214,Polyimide,,,,,,,
P214,Polyurethane,,,,,,,
P214,Polylactic acid,,,,,,,
P214,Elastomer,,,,,,,
P214,Polyethylene,,,,,,,
P215,Polyimide,,,,,,,
P215,Polyurethane,,,,,,,
P215,Polylactic acid,,,,,,,
P215,SBR,,,,,,,
P215,Polyethylene,,,,,,,
P216,Polyimide,,,,,,,
P216,Polyurethane,,,,,,,
P216,Polylactic acid,,,,,,,
P216,Elastomer,,,,,,,
P216,Polyethylene,,,,,,,
P217,Polyimide,,,,,,,
P217,Polyurethane,,,,,,,
P217,Polylactic acid,,,,,,,
P217,Elastomer,,,,,,,
P217,Polyethylene,,,,,,,
P218,Polyimide,,,,,,,
P218,Elastomer,,,,,,,
P218,Polyurethane,,,,,,,
P218,Polyethylene,,,,,,,
P219,Polyimide,,,,,,,
P219,Polyethylene,,,,,,,
P219,Polyurethane,,,,,,,
P219,Polylactic acid,,,,,,,
P219,Elastomer,,,,,,,
P219,Block copolymer,,,,,,,
P220,Furan,,,,,,,
P220,Polyimide,,,,,,,
P220,Polyacrylate,,,,,,,
P220,Self-healing,,,,,,,
P220,Polyurethane,,,,,,,
P220,Polyelectrolyte,,,,,,,
P220,Polylactic acid,,,,,,,
P220,Ionic liquid,,,,,,,
P220,Elastomer,,,,,,,
P220,Hydrogel,,,,,,,
P220,Polyethylene,,,,,,,
P221,Polyimide,,,,,,,
P221,Polyurethane,,,,,,,
P221,Polylactic acid,,,,,,,
P221,PEG,,,,,,,
P221,Polyethylene,,,,,,,
P222,Polylactic acid,,,,,,,
P222,Polyimide,,,,,,,
P222,Elastomer,,,,,,,
P222,Polyethylene,,,,,,,
P223,Polyimide,,,,,,,
P223,Polyurethane,,,,,,,
P223,Polylactic acid,,,,,,,
P223,Elastomer,,,,,,,
P223,SBR,,,,,,,
P223,Polyethylene,,,,,,,
P224,Polyimide,,,,,,,
P224,Boronic ester,,,,,,,
P224,Polysiloxane,,,,,,,
P224,Polyurethane,,,,,,,
P224,Polylactic acid,,,,,,,
P224,Shape memory polymer,,,,,,,
P224,PEG,,,,,,,
P224,Vitrimer,,,,,,,
P224,Elastomer,,,,,,,
P224,Polyethylene,,,,,,,
P225,Polyimide,,,,,,,
P225,Boronic ester,,,,,,,
P225,Self-healing,,,,,,,
P225,Polyurethane,,,,,,,
P225,Polylactic acid,,,,,,,
P225,Alginate,,,,,,,
P225,PEG,,,,,,,
P225,Vitrimer,,,,,,,
P225,Elastomer,,,,,,,
P225,Hydrogel,,,,,,,
P225,Polyethylene,,,,,,,
P226,Polyimide,,,,,,,
P226,Polyurethane,,,,,,,
P226,Polylactic acid,,,,,,,
P226,PEG,,,,,,,
P226,SBR,,,,,,,
P226,Polyethylene,,,,,,,
P227,Polyimide,,,,,,,
P227,Polyurethane,,,,,,,
P227,Polylactic acid,,,,,,,
P227,SBR,,,,,,,
P227,Polyethylene,,,,,,,
P228,Polyimide,,,,,,,
P228,Polyurethane,,,,,,,
P228,Polylactic acid,,,,,,,
P228,PEG,,,,,,,
P228,Elastomer,,,,,,,
P228,Hydrogel,,,,,,,
P228,Polyethylene,,,,,,,
P229,Polyimide,,,,,,,
P229,Polyurethane,,,,,,,
P229,Polylactic acid,,,,,,,
P229,PEG,,,,,,,
P229,Elastomer,,,,,,,
P229,SBR,,,,,,,
P229,Polyethylene,,,,,,,
P230,Polyimide,,,,,,,
P230,Polyurethane,,,,,,,
P230,Polylactic acid,,,,,,,
P230,PEG,,,,,,,
P230,Polyethylene,,,,,,,
P231,Polyimide,,,,,,,
P231,Boronic ester,,,,,,,
P231,Polyacrylate,,,,,,,
P231,Polythiophene,,,,,,,
P231,Polyurethane,,,,,,,
P231,Polyelectrolyte,,,,,,,
P231,Ionogel,,,,,,,
P231,Polylactic acid,,,,,,,
P231,PEDOT:PSS,,,,,,,
P231,Chitosan,,,,,,,
P231,Ionic liquid,,,,,,,
P231,Alginate,,,,,,,
P231,Vitrimer,,,,,,,
P231,Gelatin,,,,,,,
P231,PEG,,,,,,,
P231,Elastomer,,,,,,,
P231,Hydrogel,,,,,,,
P231,Polyethylene,,,,,,,
P232,Polyimide,,,,,,,
P232,Boronic ester,,,,,,,
P232,Polysiloxane,,,,,,,
P232,Polyurethane,,,,,,,
P232,Polyelectrolyte,,,,,,,
P232,Polylactic acid,,,,,,,
P232,PEG,,,,,,,
P232,Chitosan,,,,,,,
P232,Elastomer,,,,,,,
P232,Polyethylene,,,,,,,
P233,Polyimide,,,,,,,
P233,Polysiloxane,,,,,,,
P233,Polyurethane,,,,,,,
P233,Polyelectrolyte,,,,,,,
P233,Ionogel,,,,,,,
P233,Polylactic acid,,,,,,,
P233,Natural rubber,,,,,,,
P233,Elastomer,,,,,,,
P233,Hydrogel,,,,,,,
P233,Polyethylene,,,,,,,
P234,Furan,,,,,,,
P234,Polyimide,,,,,,,
P234,Polyacrylate,,,,,,,
P234,Polysiloxane,,,,,,,
P234,Self-healing,,,,,,,
P234,Polyurethane,,,,,,,
P234,Polylactic acid,,,,,,,
P234,PDMS,,,,,,,
P234,Ionic liquid,,,,,,,
P234,PEG,,,,,,,
P234,Elastomer,,,,,,,
P234,Hydrogel,,,,,,,
P234,Polyethylene,,,,,,,
P235,Polyimide,,,,,,,
P235,Polysiloxane,,,,,,,
P235,Block copolymer,,,,,,,
P235,Self-healing,,,,,,,
P235,Polyurethane,,,,,,,
P235,Polylactic acid,,,,,,,
P235,Elastomer,,,,,,,
P235,Hydrogel,,,,,,,
P235,SBR,,,,,,,
P235,Polyethylene,,,,,,,
P236,Polyimide,,,,,,,
P236,Self-healing,,,,,,,
P236,Polyurethane,,,,,,,
P236,Ionogel,,,,,,,
P236,Polylactic acid,,,,,,,
P236,Lipoic acid,,,,,,,
P236,PEG,,,,,,,
P236,Vitrimer,,,,,,,
P236,Hydrogel,,,,,,,
P236,SBR,,,,,,,
P236,Polyethylene,,,,,,,
P237,Furan,,,,,,,
P237,Polyimide,,,,,,,
P237,Boronic ester,,,,,,,
P237,Vitrimer,,,,,,,
P237,Self-healing,,,,,,,
P237,Polyurethane,,,,,,,
P237,Polylactic acid,,,,,,,
P237,PEG,,,,,,,
P237,Shape memory polymer,,,,,,,
P237,Thiourea,,,,,,,
P237,Polyethylene,,,,,,,
P238,Polyimide,,,,,,,
P238,Boronic ester,,,,,,,
P238,Self-healing,,,,,,,
P238,Polyurethane,,,,,,,
P238,Polylactic acid,,,,,,,
P238,PDMS,,,,,,,
P238,PEG,,,,,,,
P238,Elastomer,,,,,,,
P238,Hydrogel,,,,,,,
P238,Polyethylene,,,,,,,
P239,Polyimide,,,,,,,
P239,Polyurethane,,,,,,,
P239,Polylactic acid,,,,,,,
P239,PDMS,,,,,,,
P239,Alginate,,,,,,,
P239,Chitosan,,,,,,,
P239,Hydrogel,,,,,,,
P239,SBR,,,,,,,
P239,Polyethylene,,,,,,,
P240,Polyimide,,,,,,,
P240,Polysiloxane,,,,,,,
P240,Polyurethane,,,,,,,
P240,Polylactic acid,,,,,,,
P240,PEG,,,,,,,
P240,Elastomer,,,,,,,
P240,Polyethylene,,,,,,,
P241,Polyimide,,,,,,,
P241,Polysiloxane,,,,,,,
P241,Self-healing,,,,,,,
P241,Polyurethane,,,,,,,
P241,Polyamide,,,,,,,
P241,Polyelectrolyte,,,,,,,
P241,Ionogel,,,,,,,
P241,Polylactic acid,,,,,,,
P241,PDMS,,,,,,,
P241,Ionic liquid,,,,,,,
P241,Chitosan,,,,,,,
P241,Gelatin,,,,,,,
P241,PEG,,,,,,,
P241,Elastomer,,,,,,,
P241,Hydrogel,,,,,,,
P241,Polyethylene,,,,,,,
P242,Polyimide,,,,,,,
P242,Self-healing,,,,,,,
P242,Polyurethane,,,,,,,
P242,Polyelectrolyte,,,,,,,
P242,Ionogel,,,,,,,
P242,Polylactic acid,,,,,,,
P242,Ionic liquid,,,,,,,
P242,PEG,,,,,,,
P242,Elastomer,,,,,,,
P242,Hydrogel,,,,,,,
P242,Polyethylene,,,,,,,
P243,Polylactic acid,,,,,,,
P243,Polyelectrolyte,,,,,,,
P243,Ionic liquid,,,,,,,
P243,Polyethylene,,,,,,,
P244,Furan,,,,,,,
P244,Polyimide,,,,,,,
P244,Polyacrylate,,,,,,,
P244,Polyurethane,,,,,,,
P244,Polyelectrolyte,,,,,,,
P244,Ionogel,,,,,,,
P244,Polylactic acid,,,,,,,
P244,Chitosan,,,,,,,
P244,Ionic liquid,,,,,,,
P244,Alginate,,,,,,,
P244,PEG,,,,,,,
P244,Elastomer,,,,,,,
P244,Hydrogel,,,,,,,
P244,Polyethylene,,,,,,,
P245,Polyimide,,,,,,,
P245,Polyacrylate,,,,,,,
P245,Polyurethane,,,,,,,
P245,Ionogel,,,,,,,
P245,Polylactic acid,,,,,,,
P245,Ionic liquid,,,,,,,
P245,PEG,,,,,,,
P245,PVDF,,,,,,,
P245,Polyethylene,,,,,,,
P246,Polyimide,,,,,,,
P246,Polyurethane,,,,,,,
P246,Ionogel,,,,,,,
P246,Polylactic acid,,,,,,,
P246,PCL,,,,,,,
P246,Ionic liquid,,,,,,,
P246,Polyethylene,,,,,,,
P247,Polyimide,,,,,,,
P247,Polyurethane,,,,,,,
P247,Polysulfide,,,,,,,
P247,Polylactic acid,,,,,,,
P247,PEG,,,,,,,
P247,Ionic liquid,,,,,,,
P247,Polyethylene,,,,,,,
P248,Polyimide,,,,,,,
P248,Polyurethane,,,,,,,
P248,Polylactic acid,,,,,,,
P248,PEG,,,,,,,
P248,Ionic liquid,,,,,,,
P248,Polyethylene,,,,,,,
P249,Polyimide,,,,,,,
P249,Thiourea,,,,,,,
P249,Polysiloxane,,,,,,,
P249,Block copolymer,,,,,,,
P249,Self-healing,,,,,,,
P249,Polyurethane,,,,,,,
P249,Polyamide,,,,,,,
P249,Polyelectrolyte,,,,,,,
P249,Ionogel,,,,,,,
P249,Polylactic acid,,,,,,,
P249,PEDOT:PSS,,,,,,,
P249,PCL,,,,,,,
P249,Ionic liquid,,,,,,,
P249,PEG,,,,,,,
P249,Polyester,,,,,,,
P249,Elastomer,,,,,,,
P249,Hydrogel,,,,,,,
P249,Polyethylene,,,,,,,
P250,Polyimide,,,,,,,
P250,Polyacrylate,,,,,,,
P250,Self-healing,,,,,,,
P250,Polyurethane,,,,,,,
P250,Polyelectrolyte,,,,,,,
P250,Polylactic acid,,,,,,,
P250,Chitosan,,,,,,,
P250,PEG,,,,,,,
P250,Elastomer,,,,,,,
P250,Hydrogel,,,,,,,
P250,Polyethylene,,,,,,,
P251,Polyimide,,,,,,,
P251,Boronic ester,,,,,,,
P251,Polysiloxane,,,,,,,
P251,Self-healing,,,,,,,
P251,Polyurethane,,,,,,,
P251,Ionogel,,,,,,,
P251,Polylactic acid,,,,,,,
P251,PEDOT:PSS,,,,,,,
P251,PDMS,,,,,,,
P251,Gelatin,,,,,,,
P251,Elastomer,,,,,,,
P251,Hydrogel,,,,,,,
P251,Polyethylene,,,,,,,
P252,Polyimide,,,,,,,
P252,Polyethylene,,,,,,,
P252,Polyurethane,,,,,,,
P252,Polylactic acid,,,,,,,
P252,PEG,,,,,,,
P252,Block copolymer,,,,,,,
P253,Polyimide,,,,,,,
P253,Polysiloxane,,,,,,,
P253,Self-healing,,,,,,,
P253,Polyurethane,,,,,,,
P253,Polyamide,,,,,,,
P253,Polyelectrolyte,,,,,,,
P253,Ionogel,,,,,,,
P253,Polylactic acid,,,,,,,
P253,PDMS,,,,,,,
P253,Ionic liquid,,,,,,,
P253,Chitosan,,,,,,,
P253,Gelatin,,,,,,,
P253,PEG,,,,,,,
P253,Elastomer,,,,,,,
P253,Hydrogel,,,,,,,
P253,Polyethylene,,,,,,,
P254,Polyimide,,,,,,,
P254,Polyurethane,,,,,,,
P254,Polylactic acid,,,,,,,
P254,Ionic liquid,,,,,,,
P254,Polyethylene,,,,,,,
P255,Furan,,,,,,,
P255,Polyimide,,,,,,,
P255,Polyacrylate,,,,,,,
P255,Polysiloxane,,,,,,,
P255,Self-healing,,,,,,,
P255,Polyurethane,,,,,,,
P255,Polyamide,,,,,,,
P255,Polyelectrolyte,,,,,,,
P255,Polylactic acid,,,,,,,
P255,PDMS,,,,,,,
P255,Chitosan,,,,,,,
P255,Alginate,,,,,,,
P255,PEG,,,,,,,
P255,Elastomer,,,,,,,
P255,Hydrogel,,,,,,,
P255,Polyethylene,,,,,,,
P256,Polyimide,,,,,,,
P256,Polyacrylate,,,,,,,
P256,Polysiloxane,,,,,,,
P256,Block copolymer,,,,,,,
P256,Polyurethane,,,,,,,
P256,Polyelectrolyte,,,,,,,
P256,Polylactic acid,,,,,,,
P256,PDMS,,,,,,,
P256,Ionic liquid,,,,,,,
P256,PEG,,,,,,,
P256,Elastomer,,,,,,,
P256,PVDF,,,,,,,
P256,Polyethylene,,,,,,,
P257,Polyimide,,,,,,,
P257,Block copolymer,,,,,,,
P257,Self-healing,,,,,,,
P257,Polyurethane,,,,,,,
P257,Polyelectrolyte,,,,,,,
P257,Polylactic acid,,,,,,,
P257,PDMS,,,,,,,
P257,Ionic liquid,,,,,,,
P257,PEG,,,,,,,
P257,Shape memory polymer,,,,,,,
P257,Natural rubber,,,,,,,
P257,Elastomer,,,,,,,
P257,Hydrogel,,,,,,,
P257,Polyethylene,,,,,,,
P258,Polyimide,,,,,,,
P258,Polyacrylate,,,,,,,
P258,Polyurethane,,,,,,,
P258,Polylactic acid,,,,,,,
P258,PEG,,,,,,,
P258,Polyester,,,,,,,
P258,Elastomer,,,,,,,
P258,Polyethylene,,,,,,,
P259,Furan,,,,,,,
P259,Polyimide,,,,,,,
P259,Polyurethane,,,,,,,
P259,Polylactic acid,,,,,,,
P259,PDMS,,,,,,,
P259,PEG,,,,,,,
P259,Elastomer,,,,,,,
P259,Hydrogel,,,,,,,
P259,Polyethylene,,,,,,,
P260,Polyimide,,,,,,,
P260,Polyurethane,,,,,,,
P260,Polyelectrolyte,,,,,,,
P260,Polylactic acid,,,,,,,
P260,Ionic liquid,,,,,,,
P260,PEG,,,,,,,
P260,Elastomer,,,,,,,
P260,Polyethylene,,,,,,,
P261,Polyimide,,,,,,,
P261,Polyurethane,,,,,,,
P261,Polylactic acid,,,,,,,
P261,Ionic liquid,,,,,,,
P261,Elastomer,,,,,,,
P261,Polyethylene,,,,,,,
P262,Polyimide,,,,,,,
P262,Polyurethane,,,,,,,
P262,Polylactic acid,,,,,,,
P262,PVDF,,,,,,,
P262,Ionic liquid,,,,,,,
P262,PEG,,,,,,,
P262,Hydrogel,,,,,,,
P262,Polyethylene,,,,,,,
P263,Polyimide,,,,,,,
P263,Polyurethane,,,,,,,
P263,Polyelectrolyte,,,,,,,
P263,Polylactic acid,,,,,,,
P263,PEG,,,,,,,
P263,Polyethylene,,,,,,,
P264,Polyimide,,,,,,,
P264,Polyurethane,,,,,,,
P264,Polyelectrolyte,,,,,,,
P264,Polylactic acid,,,,,,,
P264,PEG,,,,,,,
P264,Polyethylene,,,,,,,
P265,Polyimide,,,,,,,
P265,Self-healing,,,,,,,
P265,Polyurethane,,,,,,,
P265,Ionogel,,,,,,,
P265,Polylactic acid,,,,,,,
P265,Elastomer,,,,,,,
P265,PVDF,,,,,,,
P265,Polyethylene,,,,,,,
P266,Polyimide,,,,,,,
P266,PVDF-TrFE,,,,,,,
P266,Polyacrylate,,,,,,,
P266,Polythiophene,,,,,,,
P266,Polyurethane,,,,,,,
P266,Polyelectrolyte,,,,,,,
P266,Ionogel,,,,,,,
P266,Polylactic acid,,,,,,,
P266,PVDF,,,,,,,
P266,Ionic liquid,,,,,,,
P266,Chitosan,,,,,,,
P266,Alginate,,,,,,,
P266,Gelatin,,,,,,,
P266,PEG,,,,,,,
P266,Elastomer,,,,,,,
P266,Hydrogel,,,,,,,
P266,Polyethylene,,,,,,,
P267,Polyimide,,,,,,,
P267,Polysiloxane,,,,,,,
P267,Self-healing,,,,,,,
P267,Polyurethane,,,,,,,
P267,Ionogel,,,,,,,
P267,Polylactic acid,,,,,,,
P267,Gelatin,,,,,,,
P267,PEG,,,,,,,
P267,Elastomer,,,,,,,
P267,Hydrogel,,,,,,,
P267,Polyethylene,,,,,,,
P268,Furan,,,,,,,
P268,Polyimide,,,,,,,
P268,Self-healing,,,,,,,
P268,Polyurethane,,,,,,,
P268,Ionogel,,,,,,,
P268,Polylactic acid,,,,,,,
P268,Ionic liquid,,,,,,,
P268,Alginate,,,,,,,
P268,PEG,,,,,,,
P268,Elastomer,,,,,,,
P268,Hydrogel,,,,,,,
P268,Polyethylene,,,,,,,
P269,Furan,,,,,,,
P269,Polyimide,,,,,,,
P269,Polysiloxane,,,,,,,
P269,Self-healing,,,,,,,
P269,Polyurethane,,,,,,,
P269,Polyelectrolyte,,,,,,,
P269,Hydrogel,,,,,,,
P269,Polylactic acid,,,,,,,
P269,Ionogel,,,,,,,
P269,PDMS,,,,,,,
P269,Ionic liquid,,,,,,,
P269,Elastomer,,,,,,,
P269,PVDF,,,,,,,
P269,Polyethylene,,,,,,,
P270,Polyimide,,,,,,,
P270,Self-healing,,,,,,,
P270,Polyurethane,,,,,,,
P270,Polylactic acid,,,,,,,
P270,PEDOT:PSS,,,,,,,
P270,PDMS,,,,,,,
P270,PEG,,,,,,,
P270,Elastomer,,,,,,,
P270,Hydrogel,,,,,,,
P270,Polyethylene,,,,,,,
P271,Polyimide,,,,,,,
P271,Block copolymer,,,,,,,
P271,Polyurethane,,,,,,,
P271,Polylactic acid,,,,,,,
P271,Ionic liquid,,,,,,,
P271,PEG,,,,,,,
P271,Polyester,,,,,,,
P271,Elastomer,,,,,,,
P271,PVDF,,,,,,,
P271,Polyethylene,,,,,,,
P272,Furan,,,,,,,
P272,Polyimide,,,,,,,
P272,Polyurethane,,,,,,,
P272,Polylactic acid,,,,,,,
P272,PEG,,,,,,,
P272,Polyethylene,,,,,,,
P273,Polyimide,,,,,,,
P273,Polyurethane,,,,,,,
P273,Polyelectrolyte,,,,,,,
P273,Polylactic acid,,,,,,,
P273,Ionic liquid,,,,,,,
P273,PEG,,,,,,,
P273,Elastomer,,,,,,,
P273,Polyethylene,,,,,,,
P274,Furan,,,,,,,
P274,Polyimide,,,,,,,
P274,Polyethylene,,,,,,,
P274,Polysiloxane,,,,,,,
P274,Polyamide,,,,,,,
P274,Polyurethane,,,,,,,
P274,Polyelectrolyte,,,,,,,
P274,Polylactic acid,,,,,,,
P274,PEG,,,,,,,
P274,Elastomer,,,,,,,
P274,Block copolymer,,,,,,,
P275,Polyimide,,,,,,,
P275,Polyurethane,,,,,,,
P275,Polyelectrolyte,,,,,,,
P275,Polylactic acid,,,,,,,
P275,Elastomer,,,,,,,
P275,Polyethylene,,,,,,,
P276,Polyimide,,,,,,,
P276,Polyacrylate,,,,,,,
P276,Polysiloxane,,,,,,,
P276,Block copolymer,,,,,,,
P276,Polyamide,,,,,,,
P276,Polyurethane,,,,,,,
P276,Polyelectrolyte,,,,,,,
P276,Ionogel,,,,,,,
P276,Polylactic acid,,,,,,,
P276,Ionic liquid,,,,,,,
P276,PEG,,,,,,,
P276,Elastomer,,,,,,,
P276,Polyethylene,,,,,,,
P277,Polyimide,,,,,,,
P277,Polyurethane,,,,,,,
P277,Ionogel,,,,,,,
P277,Polylactic acid,,,,,,,
P277,PEDOT:PSS,,,,,,,
P277,PDMS,,,,,,,
P277,Ionic liquid,,,,,,,
P277,PEG,,,,,,,
P277,Elastomer,,,,,,,
P277,Polyethylene,,,,,,,
P278,Polyimide,,,,,,,
P278,Polyacrylate,,,,,,,
P278,Polysiloxane,,,,,,,
P278,Polyurethane,,,,,,,
P278,Polyelectrolyte,,,,,,,
P278,Polylactic acid,,,,,,,
P278,Ionic liquid,,,,,,,
P278,PEG,,,,,,,
P278,Polyester,,,,,,,
P278,Elastomer,,,,,,,
P278,Polyethylene,,,,,,,
P279,Polyimide,,,,,,,
P279,Polyurethane,,,,,,,
P279,Polylactic acid,,,,,,,
P279,PEG,,,,,,,
P279,Elastomer,,,,,,,
P279,Hydrogel,,,,,,,
P279,Polyethylene,,,,,,,
P280,Polyimide,,,,,,,
P280,Polyurethane,,,,,,,
P280,Polylactic acid,,,,,,,
P280,Elastomer,,,,,,,
P280,Polyethylene,,,,,,,
P281,Polylactic acid,,,,,,,
P281,Polyimide,,,,,,,
P281,Polyurethane,,,,,,,
P281,Polyethylene,,,,,,,
P282,Polyimide,,,,,,,
P282,Polyamide,,,,,,,
P282,Polyurethane,,,,,,,
P282,Polylactic acid,,,,,,,
P282,PDMS,,,,,,,
P282,PCL,,,,,,,
P282,PEG,,,,,,,
P282,Polyester,,,,,,,
P282,Elastomer,,,,,,,
P282,PVDF,,,,,,,
P282,Polyethylene,,,,,,,
P283,Polyimide,,,,,,,
P283,Polyurethane,,,,,,,
P283,Polylactic acid,,,,,,,
P283,Elastomer,,,,,,,
P283,SBR,,,,,,,
P283,Polyethylene,,,,,,,
P284,Polyimide,,,,,,,
P284,Polyurethane,,,,,,,
P284,Polylactic acid,,,,,,,
P284,PEG,,,,,,,
P284,Polyamide,,,,,,,
P284,Polyethylene,,,,,,,
P285,Polyimide,,,,,,,
P285,Polythiophene,,,,,,,
P285,Polyurethane,,,,,,,
P285,Polylactic acid,,,,,,,
P285,Elastomer,,,,,,,
P285,Polyethylene,,,,,,,
P286,Polyimide,,,,,,,
P286,Polyurethane,,,,,,,
P286,Polylactic acid,,,,,,,
P286,PEG,,,,,,,
P286,Polyester,,,,,,,
P286,Polyamide,,,,,,,
P286,Polyethylene,,,,,,,
P287,Polyimide,,,,,,,
P287,Polyethylene,,,,,,,
P287,Polyamide,,,,,,,
P287,Polyurethane,,,,,,,
P287,Polylactic acid,,,,,,,
P287,Polyester,,,,,,,
P287,Elastomer,,,,,,,
P287,Block copolymer,,,,,,,
P288,Polyimide,,,,,,,
P288,Polyethylene,,,,,,,
P288,Polyurethane,,,,,,,
P288,Polylactic acid,,,,,,,
P288,PEG,,,,,,,
P288,Polyester,,,,,,,
P288,Elastomer,,,,,,,
P288,Block copolymer,,,,,,,
P289,Polyimide,,,,,,,
P289,Self-healing,,,,,,,
P289,Polyurethane,,,,,,,
P289,Polylactic acid,,,,,,,
P289,PCL,,,,,,,
P289,Polyester,,,,,,,
P289,Polyamide,,,,,,,
P289,Polyethylene,,,,,,,
P290,Polyimide,,,,,,,
P290,Polyamide,,,,,,,
P290,Polyurethane,,,,,,,
P290,Polylactic acid,,,,,,,
P290,PDMS,,,,,,,
P290,PCL,,,,,,,
P290,PEG,,,,,,,
P290,Polyester,,,,,,,
P290,Elastomer,,,,,,,
P290,PVDF,,,,,,,
P290,Polyethylene,,,,,,,
P291,Polyimide,,,,,,,
P291,Polyurethane,,,,,,,
P291,Polylactic acid,,,,,,,
P291,PEG,,,,,,,
P291,Polyester,,,,,,,
P291,Polyamide,,,,,,,
P291,Polyethylene,,,,,,,
P292,Polyimide,,,,,,,
P292,Polyacrylate,,,,,,,
P292,Polyamide,,,,,,,
P292,Polyurethane,,,,,,,
P292,Polylactic acid,,,,,,,
P292,PEG,,,,,,,
P292,Polyester,,,,,,,
P292,Natural rubber,,,,,,,
P292,Chitosan,,,,,,,
P292,Elastomer,,,,,,,
P292,Polyethylene,,,,,,,
P293,Polyimide,,,,,,,
P293,Polyacrylate,,,,,,,
P293,Polyamide,,,,,,,
P293,Polyurethane,,,,,,,
P293,Polylactic acid,,,,,,,
P293,PEG,,,,,,,
P293,Polyester,,,,,,,
P293,Natural rubber,,,,,,,
P293,Chitosan,,,,,,,
P293,Elastomer,,,,,,,
P293,Polyethylene,,,,,,,
P294,Polyimide,,,,,,,
P294,Polyamide,,,,,,,
P294,Polyurethane,,,,,,,
P294,Polylactic acid,,,,,,,
P294,PEDOT:PSS,,,,,,,
P294,PEG,,,,,,,
P294,Elastomer,,,,,,,
P294,Hydrogel,,,,,,,
P294,SBR,,,,,,,
P294,Polyethylene,,,,,,,
P295,Polyimide,,,,,,,
P295,Polyurethane,,,,,,,
P295,Polyelectrolyte,,,,,,,
P295,Polylactic acid,,,,,,,
P295,Elastomer,,,,,,,
P295,Polyethylene,,,,,,,
P296,Furan,,,,,,,
P296,Polyimide,,,,,,,
P296,Polyamide,,,,,,,
P296,Polyurethane,,,,,,,
P296,Polylactic acid,,,,,,,
P296,PEG,,,,,,,
P296,Thiourea,,,,,,,
P296,Elastomer,,,,,,,
P296,Polyethylene,,,,,,,
P297,Furan,,,,,,,
P297,Polyimide,,,,,,,
P297,Boronic ester,,,,,,,
P297,Polyurethane,,,,,,,
P297,Ionogel,,,,,,,
P297,Polylactic acid,,,,,,,
P297,PDMS,,,,,,,
P297,Vitrimer,,,,,,,
P297,Thiourea,,,,,,,
P297,Elastomer,,,,,,,
P297,Polyethylene,,,,,,,
P298,Polyimide,,,,,,,
P298,Polyacrylate,,,,,,,
P298,Polyurethane,,,,,,,
P298,Polylactic acid,,,,,,,
P298,Alginate,,,,,,,
P298,PVDF,,,,,,,
P298,Polyethylene,,,,,,,
P299,Polyimide,,,,,,,
P299,Polyurethane,,,,,,,
P299,Polylactic acid,,,,,,,
P299,Ionic liquid,,,,,,,
P299,Polyethylene,,,,,,,
P300,Furan,,,,,,,
P300,Polyimide,,,,,,,
P300,Self-healing,,,,,,,
P300,Polyurethane,,,,,,,
P300,Ionogel,,,,,,,
P300,Polylactic acid,,,,,,,
P300,PDMS,,,,,,,
P300,PCL,,,,,,,
P300,Vitrimer,,,,,,,
P300,Thiourea,,,,,,,
P300,Elastomer,,,,,,,
P300,Hydrogel,,,,,,,
P300,Polyethylene,,,,,,,
P301,Polyimide,,,,,,,
P301,Self-healing,,,,,,,
P301,Polyurethane,,,,,,,
P301,Polylactic acid,,,,,,,
P301,Lipoic acid,,,,,,,
P301,Elastomer,,,,,,,
P301,Hydrogel,,,,,,,
P301,Polyethylene,,,,,,,
P302,Furan,,,,,,,
P302,Polyimide,,,,,,,
P302,Polyurethane,,,,,,,
P302,Polylactic acid,,,,,,,
P302,PDMS,,,,,,,
P302,Alginate,,,,,,,
P302,PEG,,,,,,,
P302,Hydrogel,,,,,,,
P302,Polyethylene,,,,,,,
P303,Polylactic acid,,,,,,,
P303,Polyimide,,,,,,,
P303,PEG,,,,,,,
P303,Polyethylene,,,,,,,
P304,Furan,,,,,,,
P304,Polyimide,,,,,,,
P304,Polyurethane,,,,,,,
P304,Polylactic acid,,,,,,,
P304,Polyester,,,,,,,
P304,Polyethylene,,,,,,,
P305,Polyimide,,,,,,,
P305,Polyethylene,,,,,,,
P305,Polyamide,,,,,,,
P305,Polyurethane,,,,,,,
P305,Polyelectrolyte,,,,,,,
P305,Polylactic acid,,,,,,,
P305,Elastomer,,,,,,,
P305,Block copolymer,,,,,,,
P306,Polyimide,,,,,,,
P306,Polyacrylate,,,,,,,
P306,Self-healing,,,,,,,
P306,Polyurethane,,,,,,,
P306,Polylactic acid,,,,,,,
P306,Polyester,,,,,,,
P306,Elastomer,,,,,,,
P306,Hydrogel,,,,,,,
P306,Polyethylene,,,,,,,
P316,Polyimide,,,,,,,
P316,Block copolymer,,,,,,,
P316,Polyurethane,,,,,,,
P316,Polyelectrolyte,,,,,,,
P316,Polylactic acid,,,,,,,
P316,PEDOT:PSS,,,,,,,
P316,Ionic liquid,,,,,,,
P316,PEG,,,,,,,
P316,Hydrogel,,,,,,,
P316,Polyethylene,,,,,,,
P317,Polyimide,,,,,,,
P317,Polyurethane,,,,,,,
P317,Polyethylene,,,,,,,
P318,Polyimide,,,,,,,
P318,Polyurethane,,,,,,,
P318,Polyethylene,,,,,,,
P319,Polyimide,,,,,,,
P319,Polyurethane,,,,,,,
P319,Polylactic acid,,,,,,,
P319,PEG,,,,,,,
P319,Elastomer,,,,,,,
P319,Polyethylene,,,,,,,
P320,Polyimide,,,,,,,
P320,Polysiloxane,,,,,,,
P320,Block copolymer,,,,,,,
P320,Self-healing,,,,,,,
P320,Polyurethane,,,,,,,
P320,Polylactic acid,,,,,,,
P320,PDMS,,,,,,,
P320,Vitrimer,,,,,,,
P320,Elastomer,,,,,,,
P320,SBR,,,,,,,
P320,Polyethylene,,,,,,,
P321,Polyimide,,,,,,,
P321,Polythiophene,,,,,,,
P321,Polyurethane,,,,,,,
P321,Polylactic acid,,,,,,,
P321,Elastomer,,,,,,,
P321,Polyethylene,,,,,,,
P322,Polyimide,,,,,,,
P322,Polyacrylate,,,,,,,
P322,Block copolymer,,,,,,,
P322,Polyurethane,,,,,,,
P322,Polylactic acid,,,,,,,
P322,PCL,,,,,,,
P322,PEG,,,,,,,
P322,Elastomer,,,,,,,
P322,Hydrogel,,,,,,,
P322,Polyethylene,,,,,,,
P323,Polyimide,,,,,,,
P323,Polyethylene,,,,,,,
P323,Polyurethane,,,,,,,
P323,Polylactic acid,,,,,,,
P323,Elastomer,,,,,,,
P323,Block copolymer,,,,,,,
P324,Polyimide,,,,,,,
P324,Polyurethane,,,,,,,
P324,Polylactic acid,,,,,,,
P324,Ionic liquid,,,,,,,
P324,Elastomer,,,,,,,
P324,Hydrogel,,,,,,,
P324,Polyethylene,,,,,,,
P325,Polyimide,,,,,,,
P325,Polyurethane,,,,,,,
P325,Polylactic acid,,,,,,,
P325,PEG,,,,,,,
P325,Polyethylene,,,,,,,
P326,Polyimide,,,,,,,
P326,Polyurethane,,,,,,,
P326,Polylactic acid,,,,,,,
P326,PEG,,,,,,,
P326,Polyethylene,,,,,,,
P327,Polyimide,,,,,,,
P327,Polysiloxane,,,,,,,
P327,Block copolymer,,,,,,,
P327,Self-healing,,,,,,,
P327,Polyurethane,,,,,,,
P327,Polylactic acid,,,,,,,
P327,Elastomer,,,,,,,
P327,Hydrogel,,,,,,,
P327,SBR,,,,,,,
P327,Polyethylene,,,,,,,
P328,Polyimide,,,,,,,
P328,Polyacrylate,,,,,,,
P328,Self-healing,,,,,,,
P328,Polyurethane,,,,,,,
P328,Polylactic acid,,,,,,,
P328,Polyester,,,,,,,
P328,Elastomer,,,,,,,
P328,Hydrogel,,,,,,,
P328,Polyethylene,,,,,,,
P329,Polyimide,,,,,,,
P329,Polyethylene,,,,,,,
P329,Polyurethane,,,,,,,
P329,Polyelectrolyte,,,,,,,
P329,Polylactic acid,,,,,,,
P329,Elastomer,,,,,,,
P329,Block copolymer,,,,,,,
P330,Furan,,,,,,,
P330,Polyimide,,,,,,,
P330,Block copolymer,,,,,,,
P330,Polyurethane,,,,,,,
P330,Polylactic acid,,,,,,,
P330,Ionic liquid,,,,,,,
P330,PEG,,,,,,,
P330,Polyester,,,,,,,
P330,Thiourea,,,,,,,
P330,Hydrogel,,,,,,,
P330,Polyethylene,,,,,,,
P331,Polylactic acid,,,,,,,
P331,Polyimide,,,,,,,
P331,Polyurethane,,,,,,,
P331,Polyethylene,,,,,,,
P332,Furan,,,,,,,
P332,Polyimide,,,,,,,
P332,Polyurethane,,,,,,,
P332,Polylactic acid,,,,,,,
P332,PEG,,,,,,,
P332,Ionic liquid,,,,,,,
P332,Polyethylene,,,,,,,
P333,Furan,,,,,,,
P333,Polyimide,,,,,,,
P333,Polyamide,,,,,,,
P333,Polyurethane,,,,,,,
P333,Polysulfide,,,,,,,
P333,Polyelectrolyte,,,,,,,
P333,Polylactic acid,,,,,,,
P333,PEG,,,,,,,
P333,Polyester,,,,,,,
P333,Elastomer,,,,,,,
P333,Hydrogel,,,,,,,
P333,Polyethylene,,,,,,,
P334,Polyimide,,,,,,,
P334,Polyurethane,,,,,,,
P334,Polylactic acid,,,,,,,
P334,PEG,,,,,,,
P334,Thiourea,,,,,,,
P334,Polyethylene,,,,,,,
P336,Polyimide,,,,,,,
P336,Polyacrylate,,,,,,,
P336,Self-healing,,,,,,,
P336,Polyurethane,,,,,,,
P336,Polylactic acid,,,,,,,
P336,Elastomer,,,,,,,
P336,Hydrogel,,,,,,,
P336,Polyethylene,,,,,,,
P337,Polyimide,,,,,,,
P337,Polysiloxane,,,,,,,
P337,Self-healing,,,,,,,
P337,Polyurethane,,,,,,,
P337,Polyamide,,,,,,,
P337,Polylactic acid,,,,,,,
P337,PDMS,,,,,,,
P337,PCL,,,,,,,
P337,Polyester,,,,,,,
P337,Elastomer,,,,,,,
P337,Hydrogel,,,,,,,
P337,Polyethylene,,,,,,,
P338,Furan,,,,,,,
P338,Polyimide,,,,,,,
P338,Polyacrylate,,,,,,,
P338,Polysiloxane,,,,,,,
P338,Polyurethane,,,,,,,
P338,Polylactic acid,,,,,,,
P338,PVDF,,,,,,,
P338,PEG,,,,,,,
P338,Elastomer,,,,,,,
P338,Hydrogel,,,,,,,
P338,Polyethylene,,,,,,,
P339,Polyimide,,,,,,,
P339,Polyurethane,,,,,,,
P339,Polylactic acid,,,,,,,
P339,PCL,,,,,,,
P339,PEG,,,,,,,
P339,Shape memory polymer,,,,,,,
P339,Polyester,,,,,,,
P339,Elastomer,,,,,,,
P339,Polyethylene,,,,,,,
P340,Polyimide,,,,,,,
P340,Polysiloxane,,,,,,,
P340,Self-healing,,,,,,,
P340,Polyurethane,,,,,,,
P340,Polyelectrolyte,,,,,,,
P340,Ionogel,,,,,,,
P340,Polylactic acid,,,,,,,
P340,Ionic liquid,,,,,,,
P340,PEG,,,,,,,
P340,Vitrimer,,,,,,,
P340,Elastomer,,,,,,,
P340,Hydrogel,,,,,,,
P340,Polyethylene,,,,,,,
P341,Polyimide,,,,,,,
P341,Polyethylene,,,,,,,
P341,Polyurethane,,,,,,,
P341,Polyelectrolyte,,,,,,,
P341,Polylactic acid,,,,,,,
P341,PEG,,,,,,,
P341,Block copolymer,,,,,,,
P342,Polyimide,,,,,,,
P342,Polyacrylate,,,,,,,
P342,Polyurethane,,,,,,,
P342,Polylactic acid,,,,,,,
P342,Elastomer,,,,,,,
P342,SBR,,,,,,,
P342,Polyethylene,,,,,,,
P343,Polyimide,,,,,,,
P343,Polyurethane,,,,,,,
P343,Polylactic acid,,,,,,,
P343,PEG,,,,,,,
P343,Elastomer,,,,,,,
P343,Polyethylene,,,,,,,
P344,Polyimide,,,,,,,
P344,Polyethylene,,,,,,,
P344,Polyurethane,,,,,,,
P344,Polyelectrolyte,,,,,,,
P344,Polylactic acid,,,,,,,
P344,PEG,,,,,,,
P344,Elastomer,,,,,,,
P344,SBR,,,,,,,
P344,Block copolymer,,,,,,,
P345,Polyimide,,,,,,,
P345,Polyurethane,,,,,,,
P345,Polylactic acid,,,,,,,
P345,PDMS,,,,,,,
P345,PEG,,,,,,,
P345,Elastomer,,,,,,,
P345,Polyethylene,,,,,,,
P346,Polyimide,,,,,,,
P346,Polyurethane,,,,,,,
P346,Polylactic acid,,,,,,,
P346,PEG,,,,,,,
P346,Shape memory polymer,,,,,,,
P346,Elastomer,,,,,,,
P346,Polyethylene,,,,,,,
P347,Polyimide,,,,,,,
P347,Self-healing,,,,,,,
P347,Polyurethane,,,,,,,
P347,Polysulfide,,,,,,,
P347,Polylactic acid,,,,,,,
P347,Shape memory polymer,,,,,,,
P347,PDMS,,,,,,,
P347,PEG,,,,,,,
P347,Vitrimer,,,,,,,
P347,Elastomer,,,,,,,
P347,Polyethylene,,,,,,,
P348,Polyimide,,,,,,,
P348,Self-healing,,,,,,,
P348,Polyurethane,,,,,,,
P348,Polyelectrolyte,,,,,,,
P348,Polylactic acid,,,,,,,
P348,PEG,,,,,,,
P348,Elastomer,,,,,,,
P348,Hydrogel,,,,,,,
P348,Polyethylene,,,,,,,
P349,Furan,,,,,,,
P349,Polyimide,,,,,,,
P349,Polysiloxane,,,,,,,
P349,Block copolymer,,,,,,,
P349,Self-healing,,,,,,,
P349,Polyurethane,,,,,,,
P349,Polylactic acid,,,,,,,
P349,PEG,,,,,,,
P349,Vitrimer,,,,,,,
P349,Elastomer,,,,,,,
P349,Hydrogel,,,,,,,
P349,Polyethylene,,,,,,,
P350,Furan,,,,,,,
P350,Polyimide,,,,,,,
P350,Polyurethane,,,,,,,
P350,Polyelectrolyte,,,,,,,
P350,Polylactic acid,,,,,,,
P350,Polyester,,,,,,,
P350,Chitosan,,,,,,,
P350,Elastomer,,,,,,,
P350,SBR,,,,,,,
P350,Polyethylene,,,,,,,
P351,Polylactic acid,,,,,,,
P351,Polyimide,,,,,,,
P351,Polyurethane,,,,,,,
P351,Polyethylene,,,,,,,
P352,Polyimide,,,,,,,
P352,Polyethylene,,,,,,,
P352,Polyurethane,,,,,,,
P352,Polylactic acid,,,,,,,
P352,Block copolymer,,,,,,,
P353,Polyimide,,,,,,,
P353,Polyethylene,,,,,,,
P353,Polyurethane,,,,,,,
P353,Polylactic acid,,,,,,,
P353,Block copolymer,,,,,,,
P354,Polyimide,,,,,,,
P354,Polysiloxane,,,,,,,
P354,Polythiophene,,,,,,,
P354,Polyamide,,,,,,,
P354,Polyurethane,,,,,,,
P354,Polylactic acid,,,,,,,
P354,PEG,,,,,,,
P354,Elastomer,,,,,,,
P354,Polyethylene,,,,,,,
P355,Furan,,,,,,,
P355,Polyimide,,,,,,,
P355,Polyacrylate,,,,,,,
P355,Polysiloxane,,,,,,,
P355,Polyurethane,,,,,,,
P355,Ionogel,,,,,,,
P355,Polylactic acid,,,,,,,
P355,Ionic liquid,,,,,,,
P355,PEG,,,,,,,
P355,Elastomer,,,,,,,
P355,Hydrogel,,,,,,,
P355,Polyethylene,,,,,,,
P356,Polyimide,,,,,,,
P356,Polysiloxane,,,,,,,
P356,Block copolymer,,,,,,,
P356,Polyurethane,,,,,,,
P356,Polyelectrolyte,,,,,,,
P356,Polylactic acid,,,,,,,
P356,PDMS,,,,,,,
P356,PEG,,,,,,,
P356,Elastomer,,,,,,,
P356,Polyethylene,,,,,,,
P357,Polyimide,,,,,,,
P357,Polyacrylate,,,,,,,
P357,Polyethylene,,,,,,,
P357,Polyurethane,,,,,,,
P357,Polylactic acid,,,,,,,
P357,Block copolymer,,,,,,,
P358,Polyimide,,,,,,,
P358,Polyurethane,,,,,,,
P358,Polylactic acid,,,,,,,
P358,Elastomer,,,,,,,
P358,Hydrogel,,,,,,,
P358,Polyethylene,,,,,,,
P359,Polyimide,,,,,,,
P359,Self-healing,,,,,,,
P359,Polyurethane,,,,,,,
P359,Polylactic acid,,,,,,,
P359,PEG,,,,,,,
P359,Elastomer,,,,,,,
P359,SBR,,,,,,,
P359,Polyethylene,,,,,,,
P360,Polylactic acid,,,,,,,
P360,Polyimide,,,,,,,
P360,Polyurethane,,,,,,,
P360,Polyethylene,,,,,,,
P361,Polyimide,,,,,,,
P361,Polyurethane,,,,,,,
P361,Polylactic acid,,,,,,,
P361,Elastomer,,,,,,,
P361,Polyethylene,,,,,,,
P362,Polyimide,,,,,,,
P362,Polyurethane,,,,,,,
P362,Polysulfide,,,,,,,
P362,Polylactic acid,,,,,,,
P362,Elastomer,,,,,,,
P362,Polyethylene,,,,,,,
P363,Polyimide,,,,,,,
P363,Polyacrylate,,,,,,,
P363,Polyurethane,,,,,,,
P363,Polylactic acid,,,,,,,
P363,PEG,,,,,,,
P363,Polyamide,,,,,,,
P363,Polyethylene,,,,,,,
P364,Polyimide,,,,,,,
P364,Polyurethane,,,,,,,
P364,Polylactic acid,,,,,,,
P364,Chitosan,,,,,,,
P364,Alginate,,,,,,,
P364,Gelatin,,,,,,,
P364,PEG,,,,,,,
P364,Elastomer,,,,,,,
P364,Hydrogel,,,,,,,
P364,Polyethylene,,,,,,,
P365,Polyimide,,,,,,,
P365,Polyamide,,,,,,,
P365,Polyurethane,,,,,,,
P365,Polylactic acid,,,,,,,
P365,PEG,,,,,,,
P365,Elastomer,,,,,,,
P365,Polyethylene,,,,,,,
P366,Polyimide,,,,,,,
P366,Polyurethane,,,,,,,
P366,Polylactic acid,,,,,,,
P366,PEG,,,,,,,
P366,Elastomer,,,,,,,
P366,Polyethylene,,,,,,,
P367,Polyimide,,,,,,,
P367,Polyethylene,,,,,,,
P367,Polyurethane,,,,,,,
P367,Polylactic acid,,,,,,,
P367,PEG,,,,,,,
P367,Block copolymer,,,,,,,
P368,Polyimide,,,,,,,
P368,Self-healing,,,,,,,
P368,Polyurethane,,,,,,,
P368,Polylactic acid,,,,,,,
P368,PDMS,,,,,,,
P368,PEG,,,,,,,
P368,Elastomer,,,,,,,
P368,Hydrogel,,,,,,,
P368,SBR,,,,,,,
P368,Polyethylene,,,,,,,
P369,Polyimide,,,,,,,
P369,Polysiloxane,,,,,,,
P369,Polyurethane,,,,,,,
P369,Polylactic acid,,,,,,,
P369,Elastomer,,,,,,,
P369,Polyethylene,,,,,,,
P370,Polyimide,,,,,,,
P370,Polyethylene,,,,,,,
P370,Polyurethane,,,,,,,
P370,Polylactic acid,,,,,,,
P370,Elastomer,,,,,,,
P370,Block copolymer,,,,,,,
P371,Polyimide,,,,,,,
P371,Self-healing,,,,,,,
P371,Polyurethane,,,,,,,
P371,Ionogel,,,,,,,
P371,Polylactic acid,,,,,,,
P371,Elastomer,,,,,,,
P371,PVDF,,,,,,,
P371,Polyethylene,,,,,,,
P372,Polyimide,,,,,,,
P372,Polyacrylate,,,,,,,
P372,Polyurethane,,,,,,,
P372,Polylactic acid,,,,,,,
P372,PEG,,,,,,,
P372,Polyethylene,,,,,,,
P373,Polyimide,,,,,,,
P373,Self-healing,,,,,,,
P373,Polyurethane,,,,,,,
P373,Ionogel,,,,,,,
P373,Polylactic acid,,,,,,,
P373,Ionic liquid,,,,,,,
P373,Elastomer,,,,,,,
P373,Polyethylene,,,,,,,
P374,Polyimide,,,,,,,
P374,Polyethylene,,,,,,,
P374,Polythiophene,,,,,,,
P374,Polyamide,,,,,,,
P374,Polyurethane,,,,,,,
P374,Polylactic acid,,,,,,,
P374,Elastomer,,,,,,,
P374,Block copolymer,,,,,,,
P375,Polyimide,,,,,,,
P375,Block copolymer,,,,,,,
P375,Self-healing,,,,,,,
P375,Polyurethane,,,,,,,
P375,Polyamide,,,,,,,
P375,Polylactic acid,,,,,,,
P375,PDMS,,,,,,,
P375,PCL,,,,,,,
P375,PEG,,,,,,,
P375,Shape memory polymer,,,,,,,
P375,Polyester,,,,,,,
P375,Elastomer,,,,,,,
P375,Polyethylene,,,,,,,
P376,Polylactic acid,,,,,,,
P376,Polyimide,,,,,,,
P376,Polyurethane,,,,,,,
P376,Polyethylene,,,,,,,
P377,Polyimide,,,,,,,
P377,Polyacrylate,,,,,,,
P377,Polyurethane,,,,,,,
P377,Polylactic acid,,,,,,,
P377,PEG,,,,,,,
P377,Polyester,,,,,,,
P377,Elastomer,,,,,,,
P377,Polyethylene,,,,,,,
P378,Polyimide,,,,,,,
P378,Self-healing,,,,,,,
P378,Polyurethane,,,,,,,
P378,Polyelectrolyte,,,,,,,
P378,Polylactic acid,,,,,,,
P378,Elastomer,,,,,,,
P378,Hydrogel,,,,,,,
P378,Polyethylene,,,,,,,
P379,Polyimide,,,,,,,
P379,Polyacrylate,,,,,,,
P379,Polyamide,,,,,,,
P379,Polyurethane,,,,,,,
P379,Polylactic acid,,,,,,,
P379,Polyester,,,,,,,
P379,PVDF,,,,,,,
P379,Polyethylene,,,,,,,
P380,Furan,,,,,,,
P380,Polyimide,,,,,,,
P380,Self-healing,,,,,,,
P380,Polyurethane,,,,,,,
P380,Polylactic acid,,,,,,,
P380,PEG,,,,,,,
P380,SBR,,,,,,,
P380,Polyethylene,,,,,,,
P381,Polyimide,,,,,,,
P381,Polyurethane,,,,,,,
P381,Polylactic acid,,,,,,,
P381,PCL,,,,,,,
P381,PEG,,,,,,,
P381,Shape memory polymer,,,,,,,
P381,Polyester,,,,,,,
P381,Elastomer,,,,,,,
P381,Polyethylene,,,,,,,
P382,Polyimide,,,,,,,
P382,Polyurethane,,,,,,,
P382,Polylactic acid,,,,,,,
P382,PEG,,,,,,,
P382,Elastomer,,,,,,,
P382,Hydrogel,,,,,,,
P382,SBR,,,,,,,
P382,Polyethylene,,,,,,,
P383,Polyimide,,,,,,,
P383,Polyacrylate,,,,,,,
P383,Polysiloxane,,,,,,,
P383,Polyurethane,,,,,,,
P383,Polylactic acid,,,,,,,
P383,Elastomer,,,,,,,
P383,SBR,,,,,,,
P383,Polyethylene,,,,,,,
P384,Polyimide,,,,,,,
P384,Polyurethane,,,,,,,
P384,Polylactic acid,,,,,,,
P384,Alginate,,,,,,,
P384,PEG,,,,,,,
P384,Elastomer,,,,,,,
P384,Hydrogel,,,,,,,
P384,Polyethylene,,,,,,,
P385,Polyimide,,,,,,,
P385,Self-healing,,,,,,,
P385,Polyurethane,,,,,,,
P385,Ionogel,,,,,,,
P385,Polylactic acid,,,,,,,
P385,Ionic liquid,,,,,,,
P385,Elastomer,,,,,,,
P385,Polyethylene,,,,,,,
P386,Polyimide,,,,,,,
P386,Polyacrylate,,,,,,,
P386,Polythiophene,,,,,,,
P386,Polyurethane,,,,,,,
P386,Polylactic acid,,,,,,,
P386,PEDOT:PSS,,,,,,,
P386,PDMS,,,,,,,
P386,Elastomer,,,,,,,
P386,Polyethylene,,,,,,,
P387,Polyimide,,,,,,,
P387,Polyurethane,,,,,,,
P387,Polylactic acid,,,,,,,
P387,Elastomer,,,,,,,
P387,Polyethylene,,,,,,,
P388,Polyimide,,,,,,,
P388,Polyurethane,,,,,,,
P388,Polylactic acid,,,,,,,
P388,Alginate,,,,,,,
P388,Elastomer,,,,,,,
P388,Hydrogel,,,,,,,
P388,Polyethylene,,,,,,,
P389,Polyimide,,,,,,,
P389,Polyurethane,,,,,,,
P389,Polylactic acid,,,,,,,
P389,Elastomer,,,,,,,
P389,Polyethylene,,,,,,,
P390,Polyimide,,,,,,,
P390,Polyurethane,,,,,,,
P390,Polylactic acid,,,,,,,
P390,Elastomer,,,,,,,
P390,Polyethylene,,,,,,,
P391,Polyimide,,,,,,,
P391,Polyacrylate,,,,,,,
P391,Polysiloxane,,,,,,,
P391,Polyurethane,,,,,,,
P391,Polylactic acid,,,,,,,
P391,Elastomer,,,,,,,
P391,SBR,,,,,,,
P391,Polyethylene,,,,,,,
P392,Polyimide,,,,,,,
P392,Self-healing,,,,,,,
P392,Polyurethane,,,,,,,
P392,Polyelectrolyte,,,,,,,
P392,Polylactic acid,,,,,,,
P392,PEG,,,,,,,
P392,Polyester,,,,,,,
P392,Vitrimer,,,,,,,
P392,Elastomer,,,,,,,
P392,Polyethylene,,,,,,,
P393,Polyimide,,,,,,,
P393,Polyurethane,,,,,,,
P393,Polylactic acid,,,,,,,
P393,PDMS,,,,,,,
P393,PEG,,,,,,,
P393,Elastomer,,,,,,,
P393,Hydrogel,,,,,,,
P393,Polyethylene,,,,,,,
P394,Polyimide,,,,,,,
P394,Polyurethane,,,,,,,
P394,Polylactic acid,,,,,,,
P394,PEG,,,,,,,
P394,Elastomer,,,,,,,
P394,Polyethylene,,,,,,,
P395,Polyimide,,,,,,,
P395,Polyacrylate,,,,,,,
P395,Polysiloxane,,,,,,,
P395,Self-healing,,,,,,,
P395,Polyurethane,,,,,,,
P395,Polyelectrolyte,,,,,,,
P395,Polylactic acid,,,,,,,
P395,PDMS,,,,,,,
P395,Chitosan,,,,,,,
P395,PEG,,,,,,,
P395,Natural rubber,,,,,,,
P395,Elastomer,,,,,,,
P395,Hydrogel,,,,,,,
P395,SBR,,,,,,,
P395,Polyethylene,,,,,,,
P396,Polyimide,,,,,,,
P396,Polysiloxane,,,,,,,
P396,Block copolymer,,,,,,,
P396,Self-healing,,,,,,,
P396,Polyurethane,,,,,,,
P396,Polylactic acid,,,,,,,
P396,PDMS,,,,,,,
P396,PCL,,,,,,,
P396,Elastomer,,,,,,,
P396,SBR,,,,,,,
P396,Polyethylene,,,,,,,
P397,Polyimide,,,,,,,
P397,Block copolymer,,,,,,,
P397,Self-healing,,,,,,,
P397,Polyurethane,,,,,,,
P397,Polylactic acid,,,,,,,
P397,Vitrimer,,,,,,,
P397,Elastomer,,,,,,,
P397,Polyethylene,,,,,,,
P398,Polyimide,,,,,,,
P398,Polyacrylate,,,,,,,
P398,Polyurethane,,,,,,,
P398,Polylactic acid,,,,,,,
P398,PDMS,,,,,,,
P398,PEG,,,,,,,
P398,Elastomer,,,,,,,
P398,Polyethylene,,,,,,,
P399,Polyimide,,,,,,,
P399,Polyurethane,,,,,,,
P399,Polylactic acid,,,,,,,
P399,Elastomer,,,,,,,
P399,Polyethylene,,,,,,,
P400,Polyimide,,,,,,,
P400,Block copolymer,,,,,,,
P400,Self-healing,,,,,,,
P400,Polyurethane,,,,,,,
P400,Polyamide,,,,,,,
P400,Polylactic acid,,,,,,,
P400,PEG,,,,,,,
P400,Polyester,,,,,,,
P400,Shape memory polymer,,,,,,,
P400,Elastomer,,,,,,,
P400,Hydrogel,,,,,,,
P400,Polyethylene,,,,,,,
P401,Polyimide,,,,,,,
P401,Polyurethane,,,,,,,
P401,Polylactic acid,,,,,,,
P401,Ionic liquid,,,,,,,
P401,Elastomer,,,,,,,
P401,Polyethylene,,,,,,,
P402,Polyimide,,,,,,,
P402,Polyurethane,,,,,,,
P402,Polylactic acid,,,,,,,
P402,PEG,,,,,,,
P402,Elastomer,,,,,,,
P402,Hydrogel,,,,,,,
P402,Polyethylene,,,,,,,
P403,Polyimide,,,,,,,
P403,Polyurethane,,,,,,,
P403,Polyelectrolyte,,,,,,,
P403,Polylactic acid,,,,,,,
P403,Elastomer,,,,,,,
P403,Polyethylene,,,,,,,
P404,Polyimide,,,,,,,
P404,Polyurethane,,,,,,,
P404,Polylactic acid,,,,,,,
P404,PEG,,,,,,,
P404,Elastomer,,,,,,,
P404,Polyethylene,,,,,,,
P405,Polyimide,,,,,,,
P405,Polyacrylate,,,,,,,
P405,Polyurethane,,,,,,,
P405,Polylactic acid,,,,,,,
P405,Elastomer,,,,,,,
P405,Polyethylene,,,,,,,
P406,Polyimide,,,,,,,
P406,Polyurethane,,,,,,,
P406,Polylactic acid,,,,,,,
P406,PEG,,,,,,,
P406,Elastomer,,,,,,,
P406,Polyethylene,,,,,,,
P407,Polylactic acid,,,,,,,
P407,Polyimide,,,,,,,
P407,Polyurethane,,,,,,,
P407,Polyethylene,,,,,,,
P408,Polyimide,,,,,,,
P408,Polyurethane,,,,,,,
P408,Polylactic acid,,,,,,,
P408,Shape memory polymer,,,,,,,
P408,Elastomer,,,,,,,
P408,Polyethylene,,,,,,,
P409,Polyimide,,,,,,,
P409,Polyurethane,,,,,,,
P409,Polylactic acid,,,,,,,
P409,PCL,,,,,,,
P409,Alginate,,,,,,,
P409,PEG,,,,,,,
P409,Elastomer,,,,,,,
P409,Hydrogel,,,,,,,
P409,Polyethylene,,,,,,,
P410,Polylactic acid,,,,,,,
P410,Polyimide,,,,,,,
P410,Polyurethane,,,,,,,
P410,Polyethylene,,,,,,,
P411,Polyimide,,,,,,,
P411,Polyurethane,,,,,,,
P411,Polylactic acid,,,,,,,
P411,PEG,,,,,,,
P411,Elastomer,,,,,,,
P411,Polyethylene,,,,,,,
P412,Polyimide,,,,,,,
P412,Polyurethane,,,,,,,
P412,Polylactic acid,,,,,,,
P412,PEG,,,,,,,
P412,Elastomer,,,,,,,
P412,Polyethylene,,,,,,,
P413,Polyimide,,,,,,,
P413,Polyurethane,,,,,,,
P413,Polylactic acid,,,,,,,
P413,PEG,,,,,,,
P413,Elastomer,,,,,,,
P413,Polyethylene,,,,,,,
P414,Furan,,,,,,,
P414,Polyimide,,,,,,,
P414,Polyurethane,,,,,,,
P414,Polylactic acid,,,,,,,
P414,PEG,,,,,,,
P414,SBR,,,,,,,
P414,Polyethylene,,,,,,,
P415,Polyimide,,,,,,,
P415,Polyethylene,,,,,,,
P415,Polyurethane,,,,,,,
P415,Polylactic acid,,,,,,,
P415,Polyester,,,,,,,
P415,Elastomer,,,,,,,
P415,Block copolymer,,,,,,,
P416,Polyimide,,,,,,,
P416,Thiourea,,,,,,,
P416,Block copolymer,,,,,,,
P416,Polyurethane,,,,,,,
P416,Polylactic acid,,,,,,,
P416,PEG,,,,,,,
P416,Polyester,,,,,,,
P416,Natural rubber,,,,,,,
P416,Elastomer,,,,,,,
P416,Hydrogel,,,,,,,
P416,SBR,,,,,,,
P416,Polyethylene,,,,,,,
P417,Polyimide,,,,,,,
P417,Polyurethane,,,,,,,
P417,Ionogel,,,,,,,
P417,Polylactic acid,,,,,,,
P417,PEDOT:PSS,,,,,,,
P417,PDMS,,,,,,,
P417,Ionic liquid,,,,,,,
P417,PEG,,,,,,,
P417,Elastomer,,,,,,,
P417,Polyethylene,,,,,,,
P418,Polylactic acid,,,,,,,
P418,Polyimide,,,,,,,
P418,Polyurethane,,,,,,,
P418,Polyethylene,,,,,,,
P419,Polyimide,,,,,,,
P419,Polyurethane,,,,,,,
P419,Polylactic acid,,,,,,,
P419,Elastomer,,,,,,,
P419,Polyethylene,,,,,,,
P420,Polyimide,,,,,,,
P420,Polyacrylate,,,,,,,
P420,Polyethylene,,,,,,,
P420,Polyurethane,,,,,,,
P420,Polylactic acid,,,,,,,
P420,PEG,,,,,,,
P420,Elastomer,,,,,,,
P420,Block copolymer,,,,,,,
P421,Polyimide,,,,,,,
P421,Polyacrylate,,,,,,,
P421,Polyethylene,,,,,,,
P421,Polyurethane,,,,,,,
P421,Polylactic acid,,,,,,,
P421,PEG,,,,,,,
P421,Elastomer,,,,,,,
P421,Block copolymer,,,,,,,
P422,Polyimide,,,,,,,
P422,Polyurethane,,,,,,,
P422,Polylactic acid,,,,,,,
P422,Elastomer,,,,,,,
P422,Polyethylene,,,,,,,
P423,Polyimide,,,,,,,
P423,Polyethylene,,,,,,,
P423,Polyurethane,,,,,,,
P423,Polylactic acid,,,,,,,
P423,Block copolymer,,,,,,,
P424,Polyimide,,,,,,,
P424,Polyethylene,,,,,,,
P424,Polyurethane,,,,,,,
P424,Polyelectrolyte,,,,,,,
P424,Polylactic acid,,,,,,,
P424,PEG,,,,,,,
P424,Block copolymer,,,,,,,
P425,Furan,,,,,,,
P425,Polyimide,,,,,,,
P425,Block copolymer,,,,,,,
P425,Polyurethane,,,,,,,
P425,Polylactic acid,,,,,,,
P425,PDMS,,,,,,,
P425,Elastomer,,,,,,,
P425,Polyethylene,,,,,,,
P426,Polyimide,,,,,,,
P426,Polyacrylate,,,,,,,
P426,Polythiophene,,,,,,,
P426,Block copolymer,,,,,,,
P426,Polyurethane,,,,,,,
P426,Polyelectrolyte,,,,,,,
P426,Polylactic acid,,,,,,,
P426,PEDOT:PSS,,,,,,,
P426,PEG,,,,,,,
P426,Elastomer,,,,,,,
P426,Hydrogel,,,,,,,
P426,SBR,,,,,,,
P426,Polyethylene,,,,,,,
P427,Polyimide,,,,,,,
P427,Boronic ester,,,,,,,
P427,Polyurethane,,,,,,,
P427,Polylactic acid,,,,,,,
P427,PCL,,,,,,,
P427,PEG,,,,,,,
P427,Vitrimer,,,,,,,
P427,Polyester,,,,,,,
P427,Elastomer,,,,,,,
P427,Polyethylene,,,,,,,
P428,Furan,,,,,,,
P428,Polyimide,,,,,,,
P428,Polyacrylate,,,,,,,
P428,Polyethylene,,,,,,,
P428,Self-healing,,,,,,,
P428,Polyurethane,,,,,,,
P428,Polylactic acid,,,,,,,
P428,PEG,,,,,,,
P428,Thiourea,,,,,,,
P428,Elastomer,,,,,,,
P428,Block copolymer,,,,,,,
P429,Polyimide,,,,,,,
P429,Polyurethane,,,,,,,
P429,Polylactic acid,,,,,,,
P429,PEG,,,,,,,
P429,Shape memory polymer,,,,,,,
P429,Elastomer,,,,,,,
P429,Polyethylene,,,,,,,
P430,Furan,,,,,,,
P430,Polyimide,,,,,,,
P430,Self-healing,,,,,,,
P430,Polyurethane,,,,,,,
P430,Ionogel,,,,,,,
P430,Polylactic acid,,,,,,,
P430,PDMS,,,,,,,
P430,PCL,,,,,,,
P430,Vitrimer,,,,,,,
P430,Thiourea,,,,,,,
P430,Elastomer,,,,,,,
P430,Hydrogel,,,,,,,
P430,Polyethylene,,,,,,,
P431,Polyimide,,,,,,,
P431,Self-healing,,,,,,,
P431,Polyurethane,,,,,,,
P431,Polylactic acid,,,,,,,
P431,PEG,,,,,,,
P431,Elastomer,,,,,,,
P431,Hydrogel,,,,,,,
P431,Polyethylene,,,,,,,
P432,Polyimide,,,,,,,
P432,Polysiloxane,,,,,,,
P432,Self-healing,,,,,,,
P432,Polyurethane,,,,,,,
P432,Polylactic acid,,,,,,,
P432,PDMS,,,,,,,
P432,Vitrimer,,,,,,,
P432,Elastomer,,,,,,,
P432,Hydrogel,,,,,,,
P432,Polyethylene,,,,,,,
P433,Furan,,,,,,,
P433,Polyimide,,,,,,,
P433,Boronic ester,,,,,,,
P433,Self-healing,,,,,,,
P433,Polyurethane,,,,,,,
P433,Polylactic acid,,,,,,,
P433,PEDOT:PSS,,,,,,,
P433,PEG,,,,,,,
P433,Shape memory polymer,,,,,,,
P433,Elastomer,,,,,,,
P433,Hydrogel,,,,,,,
P433,SBR,,,,,,,
P433,Polyethylene,,,,,,,
P434,Polysulfide,,,,,,,
P434,Boronic ester,,,,,,,
P434,PEG,,,,,,,
P434,Polyester,,,,,,,
P434,Vitrimer,,,,,,,
P434,Thiourea,,,,,,,
P434,Polyimide,,,,,,,
P434,Polyacrylate,,,,,,,
P434,Polysiloxane,,,,,,,
P434,Natural rubber,,,,,,,
P434,Elastomer,,,,,,,
P434,Polyethylene,,,,,,,
P434,Furan,,,,,,,
P434,Self-healing,,,,,,,
P434,Polyurethane,,,,,,,
P434,Polylactic acid,,,,,,,
P434,PCL,,,,,,,
P434,Shape memory polymer,,,,,,,
P434,Hydrogel,,,,,,,
P435,Polyimide,,,,,,,
P435,Polyamide,,,,,,,
P435,Polyurethane,,,,,,,
P435,Polylactic acid,,,,,,,
P435,Lipoic acid,,,,,,,
P435,PCL,,,,,,,
P435,Polyester,,,,,,,
P435,Elastomer,,,,,,,
P435,Polyethylene,,,,,,,
P436,Furan,,,,,,,
P436,Polyimide,,,,,,,
P436,Polysiloxane,,,,,,,
P436,Block copolymer,,,,,,,
P436,Self-healing,,,,,,,
P436,Polyurethane,,,,,,,
P436,Polylactic acid,,,,,,,
P436,PEG,,,,,,,
P436,Vitrimer,,,,,,,
P436,Elastomer,,,,,,,
P436,Hydrogel,,,,,,,
P436,Polyethylene,,,,,,,
P437,Furan,,,,,,,
P437,Polyimide,,,,,,,
P437,Polyurethane,,,,,,,
P437,Polylactic acid,,,,,,,
P437,Elastomer,,,,,,,
P437,SBR,,,,,,,
P437,Polyethylene,,,,,,,
P438,Furan,,,,,,,
P438,Polyimide,,,,,,,
P438,Self-healing,,,,,,,
P438,Polyurethane,,,,,,,
P438,Polylactic acid,,,,,,,
P438,Shape memory polymer,,,,,,,
P438,Elastomer,,,,,,,
P438,Hydrogel,,,,,,,
P438,Polyethylene,,,,,,,
P439,Polyimide,,,,,,,
P439,Self-healing,,,,,,,
P439,Polyurethane,,,,,,,
P439,Polylactic acid,,,,,,,
P439,Elastomer,,,,,,,
P439,Hydrogel,,,,,,,
P439,Polyethylene,,,,,,,
P440,Polyimide,,,,,,,
P440,Polysiloxane,,,,,,,
P440,Block copolymer,,,,,,,
P440,Self-healing,,,,,,,
P440,Polyurethane,,,,,,,
P440,Polylactic acid,,,,,,,
P440,PVDF,,,,,,,
P440,PEG,,,,,,,
P440,Vitrimer,,,,,,,
P440,Elastomer,,,,,,,
P440,Hydrogel,,,,,,,
P440,Polyethylene,,,,,,,
P441,Polyimide,,,,,,,
P441,Self-healing,,,,,,,
P441,Polyurethane,,,,,,,
P441,Polyelectrolyte,,,,,,,
P441,Polylactic acid,,,,,,,
P441,Chitosan,,,,,,,
P441,Ionic liquid,,,,,,,
P441,Alginate,,,,,,,
P441,Gelatin,,,,,,,
P441,PEG,,,,,,,
P441,Elastomer,,,,,,,
P441,Hydrogel,,,,,,,
P441,Polyethylene,,,,,,,
P442,Furan,,,,,,,
P442,Polyimide,,,,,,,
P442,Polyacrylate,,,,,,,
P442,Self-healing,,,,,,,
P442,Polyurethane,,,,,,,
P442,Polylactic acid,,,,,,,
P442,Shape memory polymer,,,,,,,
P442,PDMS,,,,,,,
P442,PEG,,,,,,,
P442,Vitrimer,,,,,,,
P442,Elastomer,,,,,,,
P442,Hydrogel,,,,,,,
P442,Polyethylene,,,,,,,
P443,Furan,,,,,,,
P443,Polyimide,,,,,,,
P443,Self-healing,,,,,,,
P443,Polyurethane,,,,,,,
P443,Polylactic acid,,,,,,,
P443,Elastomer,,,,,,,
P443,SBR,,,,,,,
P443,Polyethylene,,,,,,,
P444,Polyimide,,,,,,,
P444,Polysiloxane,,,,,,,
P444,Block copolymer,,,,,,,
P444,Self-healing,,,,,,,
P444,Polyurethane,,,,,,,
P444,Polylactic acid,,,,,,,
P444,Vitrimer,,,,,,,
P444,Elastomer,,,,,,,
P444,Polyethylene,,,,,,,
P445,Polyimide,,,,,,,
P445,Polyurethane,,,,,,,
P445,Polylactic acid,,,,,,,
P445,PEG,,,,,,,
P445,Elastomer,,,,,,,
P445,Hydrogel,,,,,,,
P445,SBR,,,,,,,
P445,Polyethylene,,,,,,,
P446,Furan,,,,,,,
P446,Polyimide,,,,,,,
P446,Self-healing,,,,,,,
P446,Polyurethane,,,,,,,
P446,Polyamide,,,,,,,
P446,Polylactic acid,,,,,,,
P446,PDMS,,,,,,,
P446,PCL,,,,,,,
P446,PEG,,,,,,,
P446,Vitrimer,,,,,,,
P446,Polyester,,,,,,,
P446,Elastomer,,,,,,,
P446,Polyethylene,,,,,,,
P447,Polyimide,,,,,,,
P447,Polyacrylate,,,,,,,
P447,Polyethylene,,,,,,,
P447,Polysiloxane,,,,,,,
P447,Polyurethane,,,,,,,
P447,Polylactic acid,,,,,,,
P447,PEG,,,,,,,
P447,Polyester,,,,,,,
P447,Elastomer,,,,,,,
P447,Block copolymer,,,,,,,
P448,Polyimide,,,,,,,
P448,Self-healing,,,,,,,
P448,Polyurethane,,,,,,,
P448,Polysulfide,,,,,,,
P448,Polyelectrolyte,,,,,,,
P448,Ionogel,,,,,,,
P448,Polylactic acid,,,,,,,
P448,PEDOT:PSS,,,,,,,
P448,Ionic liquid,,,,,,,
P448,Elastomer,,,,,,,
P448,Hydrogel,,,,,,,
P448,Polyethylene,,,,,,,
P449,Furan,,,,,,,
P449,Polyimide,,,,,,,
P449,Boronic ester,,,,,,,
P449,Self-healing,,,,,,,
P449,Polyurethane,,,,,,,
P449,Polyelectrolyte,,,,,,,
P449,Ionogel,,,,,,,
P449,Polylactic acid,,,,,,,
P449,PDMS,,,,,,,
P449,PCL,,,,,,,
P449,Ionic liquid,,,,,,,
P449,Vitrimer,,,,,,,
P449,Chitosan,,,,,,,
P449,Alginate,,,,,,,
P449,PEG,,,,,,,
P449,Elastomer,,,,,,,
P449,Hydrogel,,,,,,,
P449,Polyethylene,,,,,,,
P450,Furan,,,,,,,
P450,Polyimide,,,,,,,
P450,Block copolymer,,,,,,,
P450,Self-healing,,,,,,,
P450,Polyurethane,,,,,,,
P450,Ionogel,,,,,,,
P450,Polylactic acid,,,,,,,
P450,Ionic liquid,,,,,,,
P450,PEG,,,,,,,
P450,Elastomer,,,,,,,
P450,Polyethylene,,,,,,,
P451,Polyimide,,,,,,,
P451,Boronic ester,,,,,,,
P451,Self-healing,,,,,,,
P451,Polyurethane,,,,,,,
P451,Polylactic acid,,,,,,,
P451,Vitrimer,,,,,,,
P451,Chitosan,,,,,,,
P451,Elastomer,,,,,,,
P451,Polyethylene,,,,,,,
P452,Polyimide,,,,,,,
P452,Self-healing,,,,,,,
P452,Polyurethane,,,,,,,
P452,Polylactic acid,,,,,,,
P452,Shape memory polymer,,,,,,,
P452,Elastomer,,,,,,,
P452,Hydrogel,,,,,,,
P452,Oxime-carbamate,,,,,,,
P452,SBR,,,,,,,
P452,Polyethylene,,,,,,,
P453,Polyimide,,,,,,,
P453,Polyurethane,,,,,,,
P453,Polylactic acid,,,,,,,
P453,PCL,,,,,,,
P453,Elastomer,,,,,,,
P453,Polyethylene,,,,,,,
P454,Polyimide,,,,,,,
P454,Polyurethane,,,,,,,
P454,Polylactic acid,,,,,,,
P454,PDMS,,,,,,,
P454,Alginate,,,,,,,
P454,PEG,,,,,,,
P454,Elastomer,,,,,,,
P454,Polyethylene,,,,,,,
P455,Polyimide,,,,,,,
P455,Polyacrylate,,,,,,,
P455,Self-healing,,,,,,,
P455,Polyurethane,,,,,,,
P455,Polylactic acid,,,,,,,
P455,Polyester,,,,,,,
P455,Elastomer,,,,,,,
P455,Hydrogel,,,,,,,
P455,Polyethylene,,,,,,,
P456,Polyimide,,,,,,,
P456,Polyacrylate,,,,,,,
P456,Self-healing,,,,,,,
P456,Polyurethane,,,,,,,
P456,Polylactic acid,,,,,,,
P456,Polyester,,,,,,,
P456,Elastomer,,,,,,,
P456,Hydrogel,,,,,,,
P456,Polyethylene,,,,,,,
