source_id,target_id,edge_type,evidence_id,paper_id,confidence
N0001,N0184,STUDIES,,P151,medium
N0001,N0183,STUDIES,,P151,medium
N0002,N0184,STUDIES,,P166,high
N0002,N0189,STUDIES,,P166,high
N0002,N0183,STUDIES,,P166,medium
N0003,N0180,STUDIES,,P188,medium
N0003,N0189,STUDIES,,P188,medium
N0003,N0184,STUDIES,,P188,medium
N0004,N0183,STUDIES,,P339,high
N0005,N0182,STUDIES,,P069,medium
N0005,N0183,STUDIES,,P069,medium
N0005,N0184,STUDIES,,P069,medium
N0006,N0182,STUDIES,,P077,high
N0006,N0189,STUDIES,,P077,high
N0006,N0181,STUDIES,,P077,medium
N0008,N0184,STUDIES,,P104,medium
N0015,N0181,STUDIES,,P113,medium
N0016,N0182,STUDIES,,P115,medium
N0017,N0182,STUDIES,,P116,medium
N0017,N0184,STUDIES,,P116,medium
N0018,N0182,STUDIES,,P122,medium
N0018,N0184,STUDIES,,P122,medium
N0019,N0182,STUDIES,,P123,medium
N0020,N0189,STUDIES,,P140,medium
N0020,N0181,STUDIES,,P140,medium
N0022,N0182,STUDIES,,P146,medium
N0023,N0185,STUDIES,,P147,medium
N0023,N0182,STUDIES,,P147,medium
N0024,N0182,STUDIES,,P177,medium
N0025,N0182,STUDIES,,P298,medium
N0026,N0182,STUDIES,,P338,high
N0026,N0184,STUDIES,,P338,medium
N0027,N0182,STUDIES,,P379,medium
N0028,N0189,STUDIES,,P003,medium
N0028,N0180,STUDIES,,P003,medium
N0028,N0181,STUDIES,,P003,medium
N0028,N0184,STUDIES,,P003,medium
N0028,N0183,STUDIES,,P003,medium
N0029,N0180,STUDIES,,P052,high
N0030,N0187,STUDIES,,P064,medium
N0031,N0184,STUDIES,,P159,medium
N0031,N0189,STUDIES,,P159,medium
N0031,N0181,STUDIES,,P159,medium
N0033,N0184,STUDIES,,P240,medium
N0035,N0184,STUDIES,,P260,medium
N0039,N0184,STUDIES,,P286,high
N0040,N0180,STUDIES,,P288,high
N0040,N0181,STUDIES,,P288,high
N0040,N0184,STUDIES,,P288,high
N0041,N0184,STUDIES,,P289,medium
N0043,N0184,STUDIES,,P364,medium
N0044,N0184,STUDIES,,P365,medium
N0045,N0184,STUDIES,,P366,medium
N0046,N0189,STUDIES,,P369,high
N0046,N0184,STUDIES,,P369,medium
N0047,N0185,STUDIES,,P372,medium
N0049,N0184,STUDIES,,P380,medium
N0050,N0189,STUDIES,,P386,high
N0050,N0184,STUDIES,,P386,medium
N0052,N0186,STUDIES,,P425,high
N0053,N0189,STUDIES,,P006,medium
N0054,N0180,STUDIES,,P011,high
N0054,N0181,STUDIES,,P011,high
N0054,N0184,STUDIES,,P011,high
N0054,N0189,STUDIES,,P011,medium
N0055,N0181,STUDIES,,P015,medium
N0055,N0184,STUDIES,,P015,medium
N0055,N0189,STUDIES,,P015,medium
N0056,N0189,STUDIES,,P054,medium
N0057,N0187,STUDIES,,P058,medium
N0058,N0187,STUDIES,,P067,high
N0058,N0184,STUDIES,,P067,medium
N0059,N0184,STUDIES,,P073,medium
N0059,N0189,STUDIES,,P073,medium
N0060,N0184,STUDIES,,P074,medium
N0061,N0186,STUDIES,,P154,medium
N0061,N0189,STUDIES,,P154,medium
N0061,N0187,STUDIES,,P154,medium
N0061,N0180,STUDIES,,P154,medium
N0061,N0184,STUDIES,,P154,medium
N0063,N0189,STUDIES,,P234,high
N0063,N0181,STUDIES,,P234,medium
N0064,N0189,STUDIES,,P238,medium
N0066,N0184,STUDIES,,P257,high
N0066,N0189,STUDIES,,P257,high
N0067,N0184,STUDIES,,P259,medium
N0067,N0189,STUDIES,,P259,medium
N0068,N0187,STUDIES,,P268,medium
N0068,N0188,STUDIES,,P268,medium
N0069,N0180,STUDIES,,P300,high
N0069,N0189,STUDIES,,P300,high
N0069,N0184,STUDIES,,P300,medium
N0070,N0189,STUDIES,,P342,medium
N0071,N0189,STUDIES,,P349,medium
N0071,N0185,STUDIES,,P349,medium
N0072,N0184,STUDIES,,P382,high
N0072,N0189,STUDIES,,P382,high
N0074,N0184,STUDIES,,P395,medium
N0074,N0189,STUDIES,,P395,medium
N0074,N0186,STUDIES,,P395,medium
N0075,N0189,STUDIES,,P401,high
N0075,N0184,STUDIES,,P401,medium
N0076,N0184,STUDIES,,P419,high
N0077,N0180,STUDIES,,P438,high
N0077,N0189,STUDIES,,P438,high
N0078,N0180,STUDIES,,P439,high
N0078,N0189,STUDIES,,P439,high
N0079,N0180,STUDIES,,P452,medium
N0079,N0189,STUDIES,,P452,medium
N0080,N0183,STUDIES,,P119,medium
N0082,N0181,STUDIES,,P176,high
N0082,N0184,STUDIES,,P176,high
N0083,N0180,STUDIES,,P337,high
N0083,N0184,STUDIES,,P337,high
N0083,N0183,STUDIES,,P337,medium
N0084,N0184,STUDIES,,P057,medium
N0085,N0187,STUDIES,,P068,medium
N0085,N0184,STUDIES,,P068,medium
N0085,N0185,STUDIES,,P068,medium
N0086,N0184,STUDIES,,P075,medium
N0086,N0187,STUDIES,,P075,medium
N0087,N0184,STUDIES,,P084,medium
N0088,N0188,STUDIES,,P089,medium
N0090,N0189,STUDIES,,P091,high
N0090,N0184,STUDIES,,P091,medium
N0091,N0188,STUDIES,,P093,medium
N0092,N0188,STUDIES,,P094,high
N0093,N0188,STUDIES,,P099,medium
N0093,N0184,STUDIES,,P099,medium
N0094,N0184,STUDIES,,P100,high
N0097,N0188,STUDIES,,P245,medium
N0098,N0180,STUDIES,,P246,medium
N0098,N0188,STUDIES,,P246,medium
N0099,N0184,STUDIES,,P247,medium
N0100,N0184,STUDIES,,P248,medium
N0101,N0188,STUDIES,,P249,medium
N0102,N0184,STUDIES,,P254,medium
N0103,N0184,STUDIES,,P256,medium
N0104,N0189,STUDIES,,P269,high
N0104,N0184,STUDIES,,P269,high
N0105,N0184,STUDIES,,P448,high
N0106,N0184,STUDIES,,P182,medium
N0109,N0184,STUDIES,,P185,medium
N0109,N0181,STUDIES,,P185,medium
N0113,N0181,STUDIES,,P192,medium
N0115,N0180,STUDIES,,P049,medium
N0115,N0181,STUDIES,,P049,medium
N0116,N0181,STUDIES,,P156,medium
N0116,N0184,STUDIES,,P156,medium
N0117,N0180,STUDIES,,P235,high
N0117,N0189,STUDIES,,P235,high
N0118,N0180,STUDIES,,P258,medium
N0119,N0180,STUDIES,,P287,high
N0119,N0184,STUDIES,,P287,high
N0119,N0189,STUDIES,,P287,high
N0120,N0180,STUDIES,,P320,high
N0120,N0184,STUDIES,,P320,high
N0120,N0186,STUDIES,,P320,high
N0120,N0189,STUDIES,,P320,high
N0121,N0180,STUDIES,,P322,high
N0121,N0185,STUDIES,,P322,high
N0121,N0183,STUDIES,,P322,medium
N0122,N0180,STUDIES,,P370,medium
N0122,N0184,STUDIES,,P370,medium
N0122,N0189,STUDIES,,P370,medium
N0123,N0180,STUDIES,,P375,high
N0123,N0181,STUDIES,,P375,high
N0123,N0184,STUDIES,,P375,high
N0123,N0189,STUDIES,,P375,medium
N0124,N0180,STUDIES,,P397,high
N0125,N0180,STUDIES,,P427,high
N0125,N0183,STUDIES,,P427,high
N0125,N0184,STUDIES,,P427,medium
N0125,N0185,STUDIES,,P427,medium
N0126,N0180,STUDIES,,P437,medium
N0126,N0189,STUDIES,,P437,medium
N0126,N0181,STUDIES,,P437,medium
N0127,N0189,STUDIES,,P010,medium
N0128,N0184,STUDIES,,P018,high
N0129,N0184,STUDIES,,P021,medium
N0130,N0184,STUDIES,,P023,medium
N0132,N0187,STUDIES,,P038,medium
N0132,N0189,STUDIES,,P038,medium
N0133,N0184,STUDIES,,P040,medium
N0134,N0181,STUDIES,,P070,medium
N0134,N0184,STUDIES,,P070,medium
N0135,N0184,STUDIES,,P102,medium
N0136,N0184,STUDIES,,P139,medium
N0137,N0189,STUDIES,,P194,medium
N0138,N0184,STUDIES,,P201,medium
N0139,N0184,STUDIES,,P219,medium
N0141,N0187,STUDIES,,P228,medium
N0142,N0184,STUDIES,,P266,medium
N0143,N0184,STUDIES,,P270,medium
N0144,N0184,STUDIES,,P285,medium
N0145,N0184,STUDIES,,P333,high
N0147,N0184,STUDIES,,P340,high
N0149,N0184,STUDIES,,P356,high
N0149,N0189,STUDIES,,P356,medium
N0150,N0184,STUDIES,,P390,medium
N0153,N0184,STUDIES,,P407,medium
N0154,N0184,STUDIES,,P408,medium
N0155,N0189,STUDIES,,P454,medium
N0155,N0184,STUDIES,,P454,medium
N0156,N0189,STUDIES,,P013,high
N0157,N0184,STUDIES,,P033,high
N0157,N0187,STUDIES,,P033,high
N0157,N0189,STUDIES,,P033,high
N0159,N0184,STUDIES,,P047,medium
N0160,N0189,STUDIES,,P051,medium
N0162,N0187,STUDIES,,P066,medium
N0163,N0184,STUDIES,,P097,medium
N0163,N0189,STUDIES,,P097,medium
N0163,N0183,STUDIES,,P097,medium
N0164,N0187,STUDIES,,P118,medium
N0164,N0184,STUDIES,,P118,medium
N0165,N0184,STUDIES,,P150,medium
N0166,N0185,STUDIES,,P225,high
N0166,N0189,STUDIES,,P225,high
N0169,N0184,STUDIES,,P368,high
N0169,N0186,STUDIES,,P368,high
N0169,N0189,STUDIES,,P368,high
N0171,N0189,STUDIES,,P400,medium
N0171,N0185,STUDIES,,P400,medium
N0174,N0184,STUDIES,,P443,medium
N0175,N0180,STUDIES,,P444,high
N0175,N0184,STUDIES,,P444,high
N0175,N0189,STUDIES,,P444,high
N0175,N0181,STUDIES,,P444,medium
N0178,N0184,STUDIES,,P224,medium
N0179,N0180,STUDIES,,P237,medium
N0179,N0184,STUDIES,,P237,medium
N0002,N0197,USES_METHOD,,P166,medium
N0004,N0196,USES_METHOD,,P339,high
N0004,N0197,USES_METHOD,,P339,high
N0004,N0203,USES_METHOD,,P339,high
N0005,N0194,USES_METHOD,,P069,medium
N0005,N0197,USES_METHOD,,P069,medium
N0008,N0197,USES_METHOD,,P104,medium
N0009,N0197,USES_METHOD,,P105,medium
N0010,N0197,USES_METHOD,,P106,medium
N0010,N0194,USES_METHOD,,P106,medium
N0012,N0197,USES_METHOD,,P108,medium
N0013,N0197,USES_METHOD,,P110,medium
N0013,N0198,USES_METHOD,,P110,medium
N0014,N0197,USES_METHOD,,P111,medium
N0014,N0196,USES_METHOD,,P111,medium
N0015,N0197,USES_METHOD,,P113,medium
N0015,N0202,USES_METHOD,,P113,medium
N0015,N0192,USES_METHOD,,P113,medium
N0017,N0196,USES_METHOD,,P116,high
N0017,N0197,USES_METHOD,,P116,medium
N0018,N0196,USES_METHOD,,P122,medium
N0019,N0197,USES_METHOD,,P123,medium
N0020,N0194,USES_METHOD,,P140,medium
N0021,N0197,USES_METHOD,,P145,medium
N0022,N0194,USES_METHOD,,P146,medium
N0022,N0197,USES_METHOD,,P146,medium
N0023,N0197,USES_METHOD,,P147,medium
N0024,N0197,USES_METHOD,,P177,medium
N0025,N0196,USES_METHOD,,P298,medium
N0025,N0192,USES_METHOD,,P298,medium
N0025,N0195,USES_METHOD,,P298,medium
N0025,N0199,USES_METHOD,,P298,medium
N0025,N0202,USES_METHOD,,P298,medium
N0026,N0193,USES_METHOD,,P338,medium
N0026,N0192,USES_METHOD,,P338,medium
N0026,N0202,USES_METHOD,,P338,medium
N0026,N0197,USES_METHOD,,P338,medium
N0027,N0199,USES_METHOD,,P379,medium
N0027,N0193,USES_METHOD,,P379,medium
N0028,N0193,USES_METHOD,,P003,medium
N0028,N0195,USES_METHOD,,P003,medium
N0028,N0190,USES_METHOD,,P003,medium
N0028,N0191,USES_METHOD,,P003,medium
N0029,N0196,USES_METHOD,,P052,high
N0029,N0197,USES_METHOD,,P052,high
N0029,N0199,USES_METHOD,,P052,medium
N0029,N0193,USES_METHOD,,P052,medium
N0029,N0191,USES_METHOD,,P052,medium
N0030,N0193,USES_METHOD,,P064,medium
N0030,N0190,USES_METHOD,,P064,medium
N0030,N0197,USES_METHOD,,P064,medium
N0031,N0196,USES_METHOD,,P159,medium
N0031,N0193,USES_METHOD,,P159,medium
N0031,N0191,USES_METHOD,,P159,medium
N0032,N0196,USES_METHOD,,P191,high
N0032,N0190,USES_METHOD,,P191,high
N0033,N0193,USES_METHOD,,P240,medium
N0033,N0198,USES_METHOD,,P240,medium
N0033,N0199,USES_METHOD,,P240,medium
N0033,N0191,USES_METHOD,,P240,medium
N0033,N0197,USES_METHOD,,P240,medium
N0034,N0196,USES_METHOD,,P252,medium
N0034,N0190,USES_METHOD,,P252,medium
N0034,N0197,USES_METHOD,,P252,medium
N0035,N0193,USES_METHOD,,P260,high
N0035,N0200,USES_METHOD,,P260,high
N0035,N0203,USES_METHOD,,P260,high
N0035,N0197,USES_METHOD,,P260,high
N0036,N0196,USES_METHOD,,P276,high
N0036,N0199,USES_METHOD,,P276,high
N0036,N0193,USES_METHOD,,P276,medium
N0036,N0197,USES_METHOD,,P276,medium
N0036,N0190,USES_METHOD,,P276,medium
N0036,N0191,USES_METHOD,,P276,medium
N0037,N0197,USES_METHOD,,P278,high
N0037,N0190,USES_METHOD,,P278,medium
N0037,N0203,USES_METHOD,,P278,medium
N0037,N0193,USES_METHOD,,P278,medium
N0038,N0197,USES_METHOD,,P284,medium
N0038,N0190,USES_METHOD,,P284,medium
N0038,N0196,USES_METHOD,,P284,medium
N0039,N0197,USES_METHOD,,P286,medium
N0040,N0197,USES_METHOD,,P288,high
N0040,N0193,USES_METHOD,,P288,medium
N0041,N0192,USES_METHOD,,P289,high
N0041,N0193,USES_METHOD,,P289,high
N0041,N0196,USES_METHOD,,P289,high
N0041,N0197,USES_METHOD,,P289,high
N0041,N0202,USES_METHOD,,P289,high
N0041,N0199,USES_METHOD,,P289,medium
N0042,N0197,USES_METHOD,,P294,high
N0042,N0191,USES_METHOD,,P294,medium
N0042,N0193,USES_METHOD,,P294,medium
N0043,N0190,USES_METHOD,,P364,high
N0043,N0191,USES_METHOD,,P364,high
N0043,N0197,USES_METHOD,,P364,high
N0043,N0193,USES_METHOD,,P364,high
N0043,N0196,USES_METHOD,,P364,medium
N0044,N0197,USES_METHOD,,P365,medium
N0044,N0190,USES_METHOD,,P365,medium
N0045,N0190,USES_METHOD,,P366,medium
N0045,N0191,USES_METHOD,,P366,medium
N0045,N0197,USES_METHOD,,P366,medium
N0045,N0196,USES_METHOD,,P366,medium
N0046,N0194,USES_METHOD,,P369,medium
N0046,N0190,USES_METHOD,,P369,medium
N0046,N0193,USES_METHOD,,P369,medium
N0046,N0197,USES_METHOD,,P369,medium
N0047,N0190,USES_METHOD,,P372,medium
N0047,N0197,USES_METHOD,,P372,medium
N0048,N0193,USES_METHOD,,P376,high
N0048,N0190,USES_METHOD,,P376,high
N0048,N0191,USES_METHOD,,P376,high
N0049,N0196,USES_METHOD,,P380,medium
N0049,N0197,USES_METHOD,,P380,medium
N0049,N0190,USES_METHOD,,P380,medium
N0049,N0191,USES_METHOD,,P380,medium
N0049,N0193,USES_METHOD,,P380,medium
N0049,N0195,USES_METHOD,,P380,medium
N0049,N0198,USES_METHOD,,P380,medium
N0049,N0202,USES_METHOD,,P380,medium
N0049,N0199,USES_METHOD,,P380,medium
N0049,N0194,USES_METHOD,,P380,medium
N0050,N0197,USES_METHOD,,P386,high
N0050,N0201,USES_METHOD,,P386,high
N0050,N0191,USES_METHOD,,P386,medium
N0050,N0196,USES_METHOD,,P386,medium
N0051,N0193,USES_METHOD,,P414,medium
N0051,N0196,USES_METHOD,,P414,medium
N0051,N0197,USES_METHOD,,P414,medium
N0052,N0196,USES_METHOD,,P425,high
N0052,N0190,USES_METHOD,,P425,medium
N0052,N0197,USES_METHOD,,P425,medium
N0053,N0197,USES_METHOD,,P006,medium
N0054,N0190,USES_METHOD,,P011,high
N0054,N0191,USES_METHOD,,P011,high
N0054,N0197,USES_METHOD,,P011,high
N0054,N0193,USES_METHOD,,P011,medium
N0055,N0194,USES_METHOD,,P015,medium
N0055,N0197,USES_METHOD,,P015,medium
N0056,N0196,USES_METHOD,,P054,medium
N0057,N0197,USES_METHOD,,P058,medium
N0057,N0199,USES_METHOD,,P058,medium
N0058,N0193,USES_METHOD,,P067,high
N0058,N0197,USES_METHOD,,P067,high
N0058,N0202,USES_METHOD,,P067,high
N0059,N0197,USES_METHOD,,P073,medium
N0060,N0197,USES_METHOD,,P074,medium
N0061,N0198,USES_METHOD,,P154,medium
N0061,N0193,USES_METHOD,,P154,medium
N0061,N0194,USES_METHOD,,P154,medium
N0061,N0196,USES_METHOD,,P154,medium
N0062,N0197,USES_METHOD,,P163,medium
N0063,N0193,USES_METHOD,,P234,high
N0064,N0197,USES_METHOD,,P238,medium
N0066,N0199,USES_METHOD,,P257,medium
N0068,N0197,USES_METHOD,,P268,medium
N0069,N0197,USES_METHOD,,P300,medium
N0071,N0197,USES_METHOD,,P349,high
N0071,N0193,USES_METHOD,,P349,medium
N0072,N0194,USES_METHOD,,P382,medium
N0073,N0197,USES_METHOD,,P383,high
N0074,N0197,USES_METHOD,,P395,medium
N0075,N0197,USES_METHOD,,P401,medium
N0076,N0197,USES_METHOD,,P419,medium
N0077,N0197,USES_METHOD,,P438,medium
N0077,N0200,USES_METHOD,,P438,medium
N0078,N0190,USES_METHOD,,P439,medium
N0078,N0192,USES_METHOD,,P439,medium
N0078,N0193,USES_METHOD,,P439,medium
N0078,N0197,USES_METHOD,,P439,medium
N0078,N0198,USES_METHOD,,P439,medium
N0080,N0197,USES_METHOD,,P119,medium
N0080,N0192,USES_METHOD,,P119,medium
N0080,N0196,USES_METHOD,,P119,medium
N0082,N0196,USES_METHOD,,P176,high
N0082,N0197,USES_METHOD,,P176,medium
N0083,N0192,USES_METHOD,,P337,medium
N0083,N0195,USES_METHOD,,P337,medium
N0083,N0197,USES_METHOD,,P337,medium
N0084,N0197,USES_METHOD,,P057,medium
N0085,N0197,USES_METHOD,,P068,medium
N0086,N0196,USES_METHOD,,P075,medium
N0088,N0197,USES_METHOD,,P089,medium
N0088,N0194,USES_METHOD,,P089,medium
N0088,N0196,USES_METHOD,,P089,medium
N0088,N0195,USES_METHOD,,P089,medium
N0089,N0197,USES_METHOD,,P090,medium
N0090,N0197,USES_METHOD,,P091,medium
N0091,N0197,USES_METHOD,,P093,medium
N0092,N0197,USES_METHOD,,P094,medium
N0092,N0193,USES_METHOD,,P094,medium
N0093,N0196,USES_METHOD,,P099,medium
N0093,N0198,USES_METHOD,,P099,medium
N0094,N0199,USES_METHOD,,P100,medium
N0094,N0197,USES_METHOD,,P100,medium
N0095,N0197,USES_METHOD,,P103,medium
N0095,N0198,USES_METHOD,,P103,medium
N0095,N0196,USES_METHOD,,P103,medium
N0096,N0199,USES_METHOD,,P220,medium
N0097,N0193,USES_METHOD,,P245,medium
N0097,N0195,USES_METHOD,,P245,medium
N0097,N0196,USES_METHOD,,P245,medium
N0097,N0197,USES_METHOD,,P245,medium
N0098,N0197,USES_METHOD,,P246,medium
N0098,N0192,USES_METHOD,,P246,medium
N0100,N0196,USES_METHOD,,P248,medium
N0100,N0197,USES_METHOD,,P248,medium
N0101,N0197,USES_METHOD,,P249,medium
N0101,N0200,USES_METHOD,,P249,medium
N0102,N0197,USES_METHOD,,P254,medium
N0103,N0196,USES_METHOD,,P256,high
N0103,N0197,USES_METHOD,,P256,medium
N0103,N0199,USES_METHOD,,P256,medium
N0104,N0197,USES_METHOD,,P269,medium
N0105,N0196,USES_METHOD,,P448,high
N0105,N0197,USES_METHOD,,P448,medium
N0107,N0196,USES_METHOD,,P183,high
N0107,N0197,USES_METHOD,,P183,high
N0108,N0197,USES_METHOD,,P184,medium
N0109,N0197,USES_METHOD,,P185,medium
N0111,N0196,USES_METHOD,,P187,medium
N0112,N0197,USES_METHOD,,P189,high
N0112,N0196,USES_METHOD,,P189,medium
N0115,N0196,USES_METHOD,,P049,medium
N0116,N0197,USES_METHOD,,P156,medium
N0117,N0197,USES_METHOD,,P235,high
N0117,N0202,USES_METHOD,,P235,medium
N0118,N0190,USES_METHOD,,P258,medium
N0118,N0197,USES_METHOD,,P258,medium
N0119,N0196,USES_METHOD,,P287,high
N0119,N0197,USES_METHOD,,P287,medium
N0120,N0197,USES_METHOD,,P320,high
N0121,N0194,USES_METHOD,,P322,high
N0121,N0197,USES_METHOD,,P322,high
N0122,N0197,USES_METHOD,,P370,high
N0122,N0198,USES_METHOD,,P370,high
N0122,N0196,USES_METHOD,,P370,medium
N0122,N0190,USES_METHOD,,P370,medium
N0123,N0190,USES_METHOD,,P375,high
N0123,N0192,USES_METHOD,,P375,high
N0123,N0197,USES_METHOD,,P375,medium
N0124,N0196,USES_METHOD,,P397,high
N0124,N0197,USES_METHOD,,P397,medium
N0124,N0190,USES_METHOD,,P397,medium
N0124,N0191,USES_METHOD,,P397,medium
N0125,N0197,USES_METHOD,,P427,high
N0125,N0193,USES_METHOD,,P427,medium
N0126,N0193,USES_METHOD,,P437,medium
N0126,N0194,USES_METHOD,,P437,medium
N0127,N0197,USES_METHOD,,P010,medium
N0127,N0193,USES_METHOD,,P010,medium
N0128,N0197,USES_METHOD,,P018,high
N0128,N0199,USES_METHOD,,P018,high
N0128,N0196,USES_METHOD,,P018,medium
N0129,N0197,USES_METHOD,,P021,medium
N0129,N0196,USES_METHOD,,P021,medium
N0130,N0194,USES_METHOD,,P023,medium
N0130,N0197,USES_METHOD,,P023,medium
N0131,N0196,USES_METHOD,,P029,medium
N0131,N0197,USES_METHOD,,P029,medium
N0132,N0197,USES_METHOD,,P038,high
N0132,N0196,USES_METHOD,,P038,medium
N0134,N0196,USES_METHOD,,P070,medium
N0137,N0197,USES_METHOD,,P194,medium
N0138,N0197,USES_METHOD,,P201,medium
N0139,N0193,USES_METHOD,,P219,high
N0139,N0200,USES_METHOD,,P219,medium
N0139,N0197,USES_METHOD,,P219,medium
N0139,N0196,USES_METHOD,,P219,medium
N0142,N0197,USES_METHOD,,P266,high
N0143,N0197,USES_METHOD,,P270,medium
N0144,N0197,USES_METHOD,,P285,high
N0144,N0198,USES_METHOD,,P285,high
N0144,N0196,USES_METHOD,,P285,medium
N0148,N0197,USES_METHOD,,P345,high
N0149,N0197,USES_METHOD,,P356,medium
N0150,N0197,USES_METHOD,,P390,medium
N0152,N0197,USES_METHOD,,P406,medium
N0153,N0193,USES_METHOD,,P407,medium
N0153,N0197,USES_METHOD,,P407,medium
N0154,N0193,USES_METHOD,,P408,medium
N0154,N0197,USES_METHOD,,P408,medium
N0156,N0192,USES_METHOD,,P013,medium
N0156,N0197,USES_METHOD,,P013,medium
N0159,N0197,USES_METHOD,,P047,medium
N0161,N0197,USES_METHOD,,P063,medium
N0161,N0199,USES_METHOD,,P063,medium
N0161,N0200,USES_METHOD,,P063,medium
N0162,N0197,USES_METHOD,,P066,medium
N0162,N0196,USES_METHOD,,P066,medium
N0163,N0197,USES_METHOD,,P097,medium
N0163,N0196,USES_METHOD,,P097,medium
N0165,N0197,USES_METHOD,,P150,medium
N0166,N0197,USES_METHOD,,P225,high
N0166,N0193,USES_METHOD,,P225,medium
N0168,N0197,USES_METHOD,,P359,high
N0169,N0197,USES_METHOD,,P368,high
N0169,N0190,USES_METHOD,,P368,medium
N0170,N0196,USES_METHOD,,P396,high
N0170,N0197,USES_METHOD,,P396,high
N0171,N0197,USES_METHOD,,P400,high
N0171,N0196,USES_METHOD,,P400,medium
N0172,N0197,USES_METHOD,,P428,high
N0172,N0190,USES_METHOD,,P428,medium
N0173,N0194,USES_METHOD,,P433,high
N0174,N0197,USES_METHOD,,P443,high
N0174,N0193,USES_METHOD,,P443,medium
N0175,N0194,USES_METHOD,,P444,medium
N0175,N0197,USES_METHOD,,P444,medium
N0177,N0197,USES_METHOD,,P209,medium
N0177,N0199,USES_METHOD,,P209,medium
N0177,N0193,USES_METHOD,,P209,medium
N0177,N0194,USES_METHOD,,P209,medium
N0177,N0195,USES_METHOD,,P209,medium
N0178,N0194,USES_METHOD,,P224,medium
N0178,N0197,USES_METHOD,,P224,medium
N0178,N0198,USES_METHOD,,P224,medium
N0179,N0197,USES_METHOD,,P237,medium
N0179,N0199,USES_METHOD,,P237,medium
N0179,N0196,USES_METHOD,,P237,medium
N0001,N0215,SUPPORTS_MECHANISM,,P151,medium
N0002,N0221,SUPPORTS_MECHANISM,,P166,medium
N0007,N0218,SUPPORTS_MECHANISM,,P083,medium
N0007,N0221,SUPPORTS_MECHANISM,,P083,medium
N0008,N0220,SUPPORTS_MECHANISM,,P104,medium
N0017,N0222,SUPPORTS_MECHANISM,,P116,high
N0020,N0222,SUPPORTS_MECHANISM,,P140,medium
N0022,N0222,SUPPORTS_MECHANISM,,P146,medium
N0022,N0220,SUPPORTS_MECHANISM,,P146,medium
N0024,N0220,SUPPORTS_MECHANISM,,P177,medium
N0031,N0217,SUPPORTS_MECHANISM,,P159,medium
N0031,N0216,SUPPORTS_MECHANISM,,P159,medium
N0034,N0215,SUPPORTS_MECHANISM,,P252,high
N0036,N0215,SUPPORTS_MECHANISM,,P276,medium
N0037,N0217,SUPPORTS_MECHANISM,,P278,medium
N0042,N0217,SUPPORTS_MECHANISM,,P294,medium
N0046,N0215,SUPPORTS_MECHANISM,,P369,medium
N0049,N0218,SUPPORTS_MECHANISM,,P380,medium
N0049,N0217,SUPPORTS_MECHANISM,,P380,medium
N0052,N0215,SUPPORTS_MECHANISM,,P425,medium
N0061,N0218,SUPPORTS_MECHANISM,,P154,medium
N0063,N0218,SUPPORTS_MECHANISM,,P234,medium
N0064,N0218,SUPPORTS_MECHANISM,,P238,medium
N0069,N0217,SUPPORTS_MECHANISM,,P300,high
N0069,N0218,SUPPORTS_MECHANISM,,P300,high
N0077,N0217,SUPPORTS_MECHANISM,,P438,high
N0077,N0218,SUPPORTS_MECHANISM,,P438,medium
N0078,N0221,SUPPORTS_MECHANISM,,P439,high
N0079,N0218,SUPPORTS_MECHANISM,,P452,medium
N0080,N0220,SUPPORTS_MECHANISM,,P119,high
N0081,N0221,SUPPORTS_MECHANISM,,P164,medium
N0082,N0221,SUPPORTS_MECHANISM,,P176,medium
N0083,N0221,SUPPORTS_MECHANISM,,P337,medium
N0085,N0218,SUPPORTS_MECHANISM,,P068,medium
N0086,N0218,SUPPORTS_MECHANISM,,P075,medium
N0091,N0218,SUPPORTS_MECHANISM,,P093,medium
N0092,N0218,SUPPORTS_MECHANISM,,P094,medium
N0093,N0215,SUPPORTS_MECHANISM,,P099,medium
N0101,N0218,SUPPORTS_MECHANISM,,P249,medium
N0104,N0218,SUPPORTS_MECHANISM,,P269,medium
N0115,N0221,SUPPORTS_MECHANISM,,P049,medium
N0116,N0218,SUPPORTS_MECHANISM,,P156,medium
N0117,N0215,SUPPORTS_MECHANISM,,P235,medium
N0118,N0215,SUPPORTS_MECHANISM,,P258,medium
N0120,N0215,SUPPORTS_MECHANISM,,P320,medium
N0120,N0217,SUPPORTS_MECHANISM,,P320,medium
N0122,N0215,SUPPORTS_MECHANISM,,P370,medium
N0123,N0219,SUPPORTS_MECHANISM,,P375,high
N0123,N0215,SUPPORTS_MECHANISM,,P375,medium
N0123,N0222,SUPPORTS_MECHANISM,,P375,medium
N0126,N0217,SUPPORTS_MECHANISM,,P437,medium
N0126,N0215,SUPPORTS_MECHANISM,,P437,medium
N0129,N0215,SUPPORTS_MECHANISM,,P021,medium
N0136,N0222,SUPPORTS_MECHANISM,,P139,medium
N0157,N0218,SUPPORTS_MECHANISM,,P033,medium
N0158,N0218,SUPPORTS_MECHANISM,,P044,medium
N0158,N0219,SUPPORTS_MECHANISM,,P044,medium
N0159,N0218,SUPPORTS_MECHANISM,,P047,medium
N0161,N0218,SUPPORTS_MECHANISM,,P063,medium
N0162,N0221,SUPPORTS_MECHANISM,,P066,medium
N0163,N0221,SUPPORTS_MECHANISM,,P097,medium
N0164,N0218,SUPPORTS_MECHANISM,,P118,medium
N0165,N0218,SUPPORTS_MECHANISM,,P150,medium
N0165,N0221,SUPPORTS_MECHANISM,,P150,medium
N0167,N0218,SUPPORTS_MECHANISM,,P250,medium
N0168,N0218,SUPPORTS_MECHANISM,,P359,medium
N0169,N0218,SUPPORTS_MECHANISM,,P368,medium
N0170,N0218,SUPPORTS_MECHANISM,,P396,medium
N0171,N0218,SUPPORTS_MECHANISM,,P400,medium
N0171,N0219,SUPPORTS_MECHANISM,,P400,medium
N0172,N0218,SUPPORTS_MECHANISM,,P428,high
N0173,N0218,SUPPORTS_MECHANISM,,P433,high
N0174,N0217,SUPPORTS_MECHANISM,,P443,medium
N0174,N0218,SUPPORTS_MECHANISM,,P443,medium
N0175,N0217,SUPPORTS_MECHANISM,,P444,medium
N0176,N0218,SUPPORTS_MECHANISM,,P045,high
N0176,N0219,SUPPORTS_MECHANISM,,P045,high
N0177,N0219,SUPPORTS_MECHANISM,,P209,medium
N0177,N0221,SUPPORTS_MECHANISM,,P209,medium
N0178,N0219,SUPPORTS_MECHANISM,,P224,medium
N0179,N0219,SUPPORTS_MECHANISM,,P237,medium
N0003,N0204,SHOWS_PROPERTY,,P188,medium
N0003,N0205,SHOWS_PROPERTY,,P188,medium
N0003,N0207,SHOWS_PROPERTY,,P188,medium
N0004,N0210,SHOWS_PROPERTY,,P339,medium
N0006,N0207,SHOWS_PROPERTY,,P077,high
N0006,N0209,SHOWS_PROPERTY,,P077,high
N0011,N0212,SHOWS_PROPERTY,,P107,medium
N0015,N0209,SHOWS_PROPERTY,,P113,medium
N0016,N0210,SHOWS_PROPERTY,,P115,medium
N0019,N0207,SHOWS_PROPERTY,,P123,medium
N0021,N0209,SHOWS_PROPERTY,,P145,medium
N0023,N0209,SHOWS_PROPERTY,,P147,medium
N0025,N0208,SHOWS_PROPERTY,,P298,medium
N0026,N0210,SHOWS_PROPERTY,,P338,medium
N0026,N0209,SHOWS_PROPERTY,,P338,medium
N0027,N0209,SHOWS_PROPERTY,,P379,medium
N0027,N0210,SHOWS_PROPERTY,,P379,medium
N0028,N0208,SHOWS_PROPERTY,,P003,medium
N0028,N0209,SHOWS_PROPERTY,,P003,medium
N0031,N0207,SHOWS_PROPERTY,,P159,medium
N0034,N0209,SHOWS_PROPERTY,,P252,high
N0035,N0211,SHOWS_PROPERTY,,P260,high
N0035,N0207,SHOWS_PROPERTY,,P260,medium
N0036,N0211,SHOWS_PROPERTY,,P276,medium
N0037,N0211,SHOWS_PROPERTY,,P278,medium
N0038,N0210,SHOWS_PROPERTY,,P284,medium
N0041,N0209,SHOWS_PROPERTY,,P289,medium
N0042,N0205,SHOWS_PROPERTY,,P294,medium
N0042,N0206,SHOWS_PROPERTY,,P294,medium
N0042,N0207,SHOWS_PROPERTY,,P294,medium
N0043,N0210,SHOWS_PROPERTY,,P364,medium
N0046,N0209,SHOWS_PROPERTY,,P369,high
N0049,N0208,SHOWS_PROPERTY,,P380,medium
N0049,N0209,SHOWS_PROPERTY,,P380,medium
N0050,N0207,SHOWS_PROPERTY,,P386,medium
N0053,N0206,SHOWS_PROPERTY,,P006,medium
N0053,N0207,SHOWS_PROPERTY,,P006,medium
N0054,N0209,SHOWS_PROPERTY,,P011,medium
N0054,N0207,SHOWS_PROPERTY,,P011,medium
N0055,N0206,SHOWS_PROPERTY,,P015,medium
N0055,N0205,SHOWS_PROPERTY,,P015,medium
N0056,N0207,SHOWS_PROPERTY,,P054,medium
N0058,N0206,SHOWS_PROPERTY,,P067,high
N0058,N0209,SHOWS_PROPERTY,,P067,high
N0058,N0207,SHOWS_PROPERTY,,P067,medium
N0059,N0209,SHOWS_PROPERTY,,P073,medium
N0059,N0207,SHOWS_PROPERTY,,P073,medium
N0061,N0206,SHOWS_PROPERTY,,P154,medium
N0061,N0205,SHOWS_PROPERTY,,P154,medium
N0061,N0207,SHOWS_PROPERTY,,P154,medium
N0061,N0209,SHOWS_PROPERTY,,P154,medium
N0062,N0209,SHOWS_PROPERTY,,P163,medium
N0062,N0207,SHOWS_PROPERTY,,P163,medium
N0063,N0207,SHOWS_PROPERTY,,P234,medium
N0064,N0206,SHOWS_PROPERTY,,P238,medium
N0065,N0209,SHOWS_PROPERTY,,P242,medium
N0066,N0210,SHOWS_PROPERTY,,P257,high
N0066,N0204,SHOWS_PROPERTY,,P257,medium
N0066,N0205,SHOWS_PROPERTY,,P257,medium
N0066,N0207,SHOWS_PROPERTY,,P257,medium
N0067,N0207,SHOWS_PROPERTY,,P259,medium
N0067,N0209,SHOWS_PROPERTY,,P259,medium
N0068,N0207,SHOWS_PROPERTY,,P268,medium
N0069,N0205,SHOWS_PROPERTY,,P300,medium
N0070,N0209,SHOWS_PROPERTY,,P342,medium
N0070,N0206,SHOWS_PROPERTY,,P342,medium
N0071,N0206,SHOWS_PROPERTY,,P349,high
N0073,N0209,SHOWS_PROPERTY,,P383,high
N0074,N0206,SHOWS_PROPERTY,,P395,medium
N0075,N0209,SHOWS_PROPERTY,,P401,high
N0075,N0207,SHOWS_PROPERTY,,P401,medium
N0076,N0209,SHOWS_PROPERTY,,P419,medium
N0077,N0206,SHOWS_PROPERTY,,P438,medium
N0077,N0204,SHOWS_PROPERTY,,P438,medium
N0077,N0211,SHOWS_PROPERTY,,P438,medium
N0077,N0205,SHOWS_PROPERTY,,P438,medium
N0078,N0209,SHOWS_PROPERTY,,P439,high
N0078,N0206,SHOWS_PROPERTY,,P439,medium
N0078,N0205,SHOWS_PROPERTY,,P439,medium
N0078,N0204,SHOWS_PROPERTY,,P439,medium
N0078,N0207,SHOWS_PROPERTY,,P439,medium
N0079,N0206,SHOWS_PROPERTY,,P452,medium
N0083,N0209,SHOWS_PROPERTY,,P337,high
N0083,N0208,SHOWS_PROPERTY,,P337,medium
N0084,N0211,SHOWS_PROPERTY,,P057,medium
N0087,N0211,SHOWS_PROPERTY,,P084,medium
N0088,N0209,SHOWS_PROPERTY,,P089,medium
N0088,N0208,SHOWS_PROPERTY,,P089,medium
N0089,N0211,SHOWS_PROPERTY,,P090,medium
N0089,N0210,SHOWS_PROPERTY,,P090,medium
N0090,N0204,SHOWS_PROPERTY,,P091,medium
N0090,N0209,SHOWS_PROPERTY,,P091,medium
N0090,N0205,SHOWS_PROPERTY,,P091,medium
N0090,N0207,SHOWS_PROPERTY,,P091,medium
N0091,N0209,SHOWS_PROPERTY,,P093,medium
N0092,N0205,SHOWS_PROPERTY,,P094,medium
N0092,N0213,SHOWS_PROPERTY,,P094,medium
N0093,N0211,SHOWS_PROPERTY,,P099,medium
N0095,N0205,SHOWS_PROPERTY,,P103,medium
N0095,N0207,SHOWS_PROPERTY,,P103,medium
N0096,N0207,SHOWS_PROPERTY,,P220,high
N0097,N0208,SHOWS_PROPERTY,,P245,medium
N0098,N0209,SHOWS_PROPERTY,,P246,medium
N0098,N0205,SHOWS_PROPERTY,,P246,medium
N0098,N0206,SHOWS_PROPERTY,,P246,medium
N0100,N0209,SHOWS_PROPERTY,,P248,medium
N0102,N0211,SHOWS_PROPERTY,,P254,medium
N0103,N0211,SHOWS_PROPERTY,,P256,high
N0104,N0211,SHOWS_PROPERTY,,P269,high
N0104,N0213,SHOWS_PROPERTY,,P269,medium
N0105,N0211,SHOWS_PROPERTY,,P448,high
N0108,N0209,SHOWS_PROPERTY,,P184,medium
N0112,N0209,SHOWS_PROPERTY,,P189,high
N0114,N0211,SHOWS_PROPERTY,,P305,high
N0115,N0209,SHOWS_PROPERTY,,P049,medium
N0116,N0206,SHOWS_PROPERTY,,P156,medium
N0117,N0206,SHOWS_PROPERTY,,P235,high
N0117,N0205,SHOWS_PROPERTY,,P235,medium
N0119,N0209,SHOWS_PROPERTY,,P287,medium
N0119,N0210,SHOWS_PROPERTY,,P287,medium
N0119,N0206,SHOWS_PROPERTY,,P287,medium
N0119,N0207,SHOWS_PROPERTY,,P287,medium
N0120,N0209,SHOWS_PROPERTY,,P320,medium
N0122,N0209,SHOWS_PROPERTY,,P370,high
N0123,N0209,SHOWS_PROPERTY,,P375,medium
N0123,N0214,SHOWS_PROPERTY,,P375,medium
N0124,N0207,SHOWS_PROPERTY,,P397,medium
N0124,N0210,SHOWS_PROPERTY,,P397,medium
N0125,N0207,SHOWS_PROPERTY,,P427,medium
N0125,N0205,SHOWS_PROPERTY,,P427,medium
N0126,N0205,SHOWS_PROPERTY,,P437,medium
N0126,N0206,SHOWS_PROPERTY,,P437,medium
N0127,N0207,SHOWS_PROPERTY,,P010,medium
N0129,N0209,SHOWS_PROPERTY,,P021,medium
N0130,N0208,SHOWS_PROPERTY,,P023,medium
N0131,N0207,SHOWS_PROPERTY,,P029,medium
N0132,N0209,SHOWS_PROPERTY,,P038,high
N0134,N0209,SHOWS_PROPERTY,,P070,medium
N0135,N0209,SHOWS_PROPERTY,,P102,medium
N0138,N0209,SHOWS_PROPERTY,,P201,medium
N0143,N0209,SHOWS_PROPERTY,,P270,medium
N0151,N0209,SHOWS_PROPERTY,,P393,medium
N0156,N0206,SHOWS_PROPERTY,,P013,high
N0157,N0206,SHOWS_PROPERTY,,P033,medium
N0157,N0209,SHOWS_PROPERTY,,P033,medium
N0158,N0206,SHOWS_PROPERTY,,P044,high
N0158,N0207,SHOWS_PROPERTY,,P044,high
N0160,N0209,SHOWS_PROPERTY,,P051,medium
N0161,N0207,SHOWS_PROPERTY,,P063,medium
N0162,N0206,SHOWS_PROPERTY,,P066,medium
N0162,N0207,SHOWS_PROPERTY,,P066,medium
N0162,N0204,SHOWS_PROPERTY,,P066,medium
N0162,N0209,SHOWS_PROPERTY,,P066,medium
N0163,N0206,SHOWS_PROPERTY,,P097,medium
N0163,N0209,SHOWS_PROPERTY,,P097,medium
N0165,N0214,SHOWS_PROPERTY,,P150,medium
N0166,N0209,SHOWS_PROPERTY,,P225,high
N0169,N0205,SHOWS_PROPERTY,,P368,high
N0169,N0207,SHOWS_PROPERTY,,P368,high
N0169,N0209,SHOWS_PROPERTY,,P368,high
N0169,N0206,SHOWS_PROPERTY,,P368,medium
N0171,N0209,SHOWS_PROPERTY,,P400,medium
N0172,N0206,SHOWS_PROPERTY,,P428,high
N0172,N0214,SHOWS_PROPERTY,,P428,medium
N0172,N0207,SHOWS_PROPERTY,,P428,medium
N0174,N0204,SHOWS_PROPERTY,,P443,medium
N0174,N0206,SHOWS_PROPERTY,,P443,medium
N0174,N0205,SHOWS_PROPERTY,,P443,medium
N0175,N0206,SHOWS_PROPERTY,,P444,high
N0175,N0204,SHOWS_PROPERTY,,P444,medium
N0177,N0209,SHOWS_PROPERTY,,P209,medium
N0177,N0207,SHOWS_PROPERTY,,P209,medium
N0177,N0208,SHOWS_PROPERTY,,P209,medium
N0178,N0209,SHOWS_PROPERTY,,P224,medium
N0179,N0209,SHOWS_PROPERTY,,P237,medium
N0215,N0223,RELATED_TO_PROJECT,,,high
N0216,N0223,RELATED_TO_PROJECT,,,high
N0217,N0223,RELATED_TO_PROJECT,,,high
N0218,N0223,RELATED_TO_PROJECT,,,high
N0219,N0224,RELATED_TO_PROJECT,,,high
N0220,N0225,RELATED_TO_PROJECT,,,high
N0221,N0224,RELATED_TO_PROJECT,,,high
N0222,N0224,RELATED_TO_PROJECT,,,high
N0204,N0228,CAN_BE_ML_FEATURE,,,medium
N0205,N0228,CAN_BE_ML_FEATURE,,,medium
N0206,N0228,CAN_BE_ML_FEATURE,,,medium
