query_id,query,no_answer,retrieved_count,top_score,answer_confidence,has_paper_id_citation,has_title_citation,has_file_citation,has_page_citation,answer_length,elapsed_s,manual_check_warning,answer,warnings,top3_papers
1,哪些论文提到了聚氨酯微相分离？,True,8,0.0262,High,True,False,False,True,154,68.4,True,根据提供的证据摘录，没有论文明确提及“聚氨酯微相分离”这一术语或现象。虽然 P003 的摘录涉及热塑性聚氨酯（TPU），并提到了软段/硬段结构、氢键、结晶度等常与微相分离相关的结构特征，但摘录文本中并未明确出现“微相分离”的表述。其余论文（P151、P219、P339）的摘录内容与聚氨酯微相分离无直接关联。,2 evidence rows need manual check — verify before citing.|P003 的摘录涉及 TPU 结构特征（如氢键、结晶度、软段/硬段），但未明确提及“微相分离”，需手动核对原文以确认是否包含该概念。|证据 [6] 和 [8] 标记为 [NEEDS MANUAL CHECK]，建议人工复核 P003 原文内容。,P339|P339|P151
2,PCL基聚氨酯有没有做活死细胞染色？,True,8,0.0303,Low,False,False,False,False,114,28.4,False,根据提供的证据，未检索到关于PCL基聚氨酯进行活死细胞染色（live/dead staining）的相关信息。现有证据仅涉及PCL的合成、开环聚合机理、链长对介电松弛的影响等物理化学性质研究，未包含细胞实验或生物相容性评价内容。,所有提供的证据摘录均与高分子合成及物理表征相关，未涉及活死细胞染色、细胞毒性或生物相容性测试等生物学实验数据，建议补充检索生物医学应用方向的文献以获取相关信息。,P151|P151|P151
3,哪些文献报道了TPU的SAXS long period？,True,8,0.0278,High,False,False,False,False,110,47.0,True,根据提供的证据摘录，没有文献明确报道TPU（热塑性聚氨酯）的SAXS long period。现有摘录涉及PVA、长链脂肪族聚酯、聚丙烯酸酯/环氧互穿网络等其他聚合物的SAXS分析或一般性理论，但未包含TPU的相关数据。,4 evidence rows need manual check — verify before citing.|证据[4]、[6]、[7]、[8]标记为需要人工核对（NEEDS MANUAL CHECK）。|所有提供的摘录均未提及TPU，因此无法基于现有证据确定哪些文献报道了TPU的SAXS long period。,P286|P286|P425
4,PVDF压电材料是否影响蛋白吸附？,True,8,0.0237,High,False,False,False,False,80,31.5,True,根据提供的证据摘录，无法确定PVDF压电材料是否影响蛋白吸附。现有证据主要涉及PVDF在聚合物电解质、压电系数及材料分类等方面的内容，均未提及蛋白吸附相关研究。,5 evidence rows need manual check — verify before citing.|证据[1]、[2]、[3]、[4]、[8]标注为需要人工核对（NEEDS MANUAL CHECK）|当前证据库中缺乏PVDF与蛋白吸附相关的直接信息,P069|P069|P069
5,哪些文献适合作为聚氨酯力学性能机器学习预测的数据来源？,True,8,0.0164,Low,False,False,False,False,18,2.1,True,当前知识库中没有足够证据支持该回答。,2 evidence rows need manual check — verify before citing.|Top retrieval score (0.016) below threshold (0.017).,P151|P074|P151
6,FeCl4 和 PU 可能有哪些相互作用？,True,8,0.0241,Low,False,False,False,False,193,107.0,True,根据提供的证据片段，无法确定 FeCl₄ 与 PU（聚氨酯）之间可能存在的相互作用。现有证据仅在非 PU 体系（如基于 PMMA 的离子凝胶）中提及 [Bmim][FeCl₄] 作为构筑单元（见[4]），而在其他研究中单独讨论了 PU 的介电、力学或相分离性质（见[1][2][5][7]），但没有任何片段同时涉及 FeCl₄ 与 PU 的直接相互作用。因此，当前证据不足以回答该问题。,4 evidence rows need manual check — verify before citing.|证据 [3]、[4]、[6]、[8] 标注需要人工核对（NEEDS MANUAL CHECK）。|证据库中缺乏同时涉及 FeCl₄ 与 PU 相互作用的直接信息。,P258|P439|P089
7,哪些文献提到了FTIR中C=O氢键？,True,8,0.0267,Low,False,False,False,False,124,27.1,False,根据提供的证据摘录，没有文献明确提到FTIR中的C=O氢键。虽然证据[8]中出现了“FTIR-ATR spectra”，但其摘录内容仅涉及样品名称，并未提及C=O或氢键相关信息；其余证据均未涉及FTIR或C=O氢键。因此，现有证据不足以回答该问题。,证据[8]虽提及FTIR-ATR光谱，但未涉及C=O或氢键内容，无法作为有效依据。,P339|P339|P151
8,哪些论文使用SAXS峰位置或FWHM作为结构特征？,True,8,0.0164,Low,False,False,False,False,18,2.1,True,当前知识库中没有足够证据支持该回答。,3 evidence rows need manual check — verify before citing.|Top retrieval score (0.016) below threshold (0.017).,P151|P425|P151
9,这个知识库里有没有关于火星土壤种植聚氨酯的论文？,True,8,0.0164,Low,False,False,False,False,18,2.1,True,当前知识库中没有足够证据支持该回答。,1 evidence rows need manual check — verify before citing.|Top retrieval score (0.016) below threshold (0.017).,P151|P219|P151
10,有没有论文证明聚氨酯可以治疗癌症？,True,8,0.0164,Low,False,False,False,False,18,2.1,True,当前知识库中没有足够证据支持该回答。,2 evidence rows need manual check — verify before citing.|Top retrieval score (0.016) below threshold (0.017).,P151|P219|P151
